data_id,registration_filename,relatedAssetCid
P201,2aaf7611e23c265941fcc6c09e2c3c6bad7237d3f5519981476301e2367a768c.jpg,
P202,edbd17876c190863838f0cb41918218f1123e874ff5d981411049fdd660a3793.jpg,
P203,ae7488979ee6179e101bb639cfe7f21a79f5ada76fcfb5b842be11aaa75d1ef7.jpg,
P204,063ef6ad182d3b7b0b488b7a6cf9390e91a71993e819877dd505865eb9cfed59.jpg,
P205,435e5513bc79f9627c0c116406076c3653c18a1d44035cd4e60f19b004e41f65.jpg,
P206,91883cc2fcc9480dae6c5b6abf8c7d8b4491567b11bd1227369e398f96ce2ba3.jpg,
P221,2CP9KNF credit Reuters_Alamy.jpg,
P222,h_27.RTS9RNVD credit Sofiia Gatilova Reuters Redux.jpg,
P232,2E6EH72 credit Ognen Teofilovski_Reuters_Alamy.jpg,
P207,EOR0213001 credit Emmanuel Ortiz.jpg,
P214,Jorgen Samso - Clip0005.MXF,
P209a,5fe88f1914ea4a5eaef788a8aa2ab925413d8d9519953676ebc053f267f4e4d6.jpg,
P210,Untitled.jpg,
P211,Untitled 4.jpg,
P212,Untitled 3.jpg,
P213,Untitled 2.jpg,
P217,b78ea7b4b567d6d0e65a2e1ecc4f3de795878e89eca75d6a4e66b63f290d1f7d.jpg,
P218,837477a2677640ea1f2de669044d32f8d21ebbd7a97b6a5f9f4f1afa05d150ff.jpg,
P219,b0d195c593c149d0b6b087df0b26a348b3a558997995c6af63901f0322a2adc5.jpg,
P233,Screen Shot 2022-03-28 at 10.05.19 PM.png,
P209b,f8c6bac82cbf97f4d89990357701bd9b84ffce37d602ac1aa90dd0df7f3fea38.jpg,
P220,,
P220a,,
P220b,,
P220c,,
P220d,,
P208,,
P234,,
P215,,
P231,,
P223,,
P224,,
P225,,
P226,,
P227,,
P228,,
P229,,
P230,,
P234,,
P220e,,
P220f,bc1ae4afc334d74a67925ddcd8c96b1f5ccc99dfc3a8f519cac166969f5dafa3.jpg,
P220g,d7859627e83a8517240841aecf595f29912007f4fda043c1d46a320b52d1f280.jpg,
C049-1385,MRA22591R0000401246_Page_1385.png,bafybeiapv3jcyh74fwuttudyvg2amfrgnfzjq2fg32w5jghvjytxgvugim
C049-0652,MRA22591R0000401246_Page_0652.png,bafybeiapv3jcyh74fwuttudyvg2amfrgnfzjq2fg32w5jghvjytxgvugim
C049-0879,MRA22591R0000401246_Page_0879.png,bafybeiapv3jcyh74fwuttudyvg2amfrgnfzjq2fg32w5jghvjytxgvugim
C049-1154,MRA22591R0000401246_Page_1154.png,bafybeiapv3jcyh74fwuttudyvg2amfrgnfzjq2fg32w5jghvjytxgvugim
C049-1155,MRA22591R0000401246_Page_1155.png,bafybeiapv3jcyh74fwuttudyvg2amfrgnfzjq2fg32w5jghvjytxgvugim
C049-1408,MRA22591R0000401246_Page_1408.png,bafybeiapv3jcyh74fwuttudyvg2amfrgnfzjq2fg32w5jghvjytxgvugim
C049-1227,MRA22591R0000401246_Page_1227.png,bafybeiapv3jcyh74fwuttudyvg2amfrgnfzjq2fg32w5jghvjytxgvugim
C049-1579,MRA22591R0000401246_Page_1579.png,bafybeiapv3jcyh74fwuttudyvg2amfrgnfzjq2fg32w5jghvjytxgvugim
C049-1580,MRA22591R0000401246_Page_1580.png,bafybeiapv3jcyh74fwuttudyvg2amfrgnfzjq2fg32w5jghvjytxgvugim
C049-0001,MRA22591R0000401246_Page_0001.png,bafybeiapv3jcyh74fwuttudyvg2amfrgnfzjq2fg32w5jghvjytxgvugim
C049-1303,MRA22591R0000401246_Page_1303.png,bafybeiapv3jcyh74fwuttudyvg2amfrgnfzjq2fg32w5jghvjytxgvugim
C049-1316,MRA22591R0000401246_Page_1316.png,bafybeiapv3jcyh74fwuttudyvg2amfrgnfzjq2fg32w5jghvjytxgvugim
C049-1282,MRA22591R0000401246_Page_1282.png,bafybeiapv3jcyh74fwuttudyvg2amfrgnfzjq2fg32w5jghvjytxgvugim
C049-1296,MRA22591R0000401246_Page_1296.png,bafybeiapv3jcyh74fwuttudyvg2amfrgnfzjq2fg32w5jghvjytxgvugim
C049-1381,MRA22591R0000401246_Page_1381.png,bafybeiapv3jcyh74fwuttudyvg2amfrgnfzjq2fg32w5jghvjytxgvugim
C049-1311,MRA22591R0000401246_Page_1311.png,bafybeiapv3jcyh74fwuttudyvg2amfrgnfzjq2fg32w5jghvjytxgvugim
C049-0139,MRA22591R0000401246_Page_0139.png,bafybeiapv3jcyh74fwuttudyvg2amfrgnfzjq2fg32w5jghvjytxgvugim
C049-0151,MRA22591R0000401246_Page_0151.png,bafybeiapv3jcyh74fwuttudyvg2amfrgnfzjq2fg32w5jghvjytxgvugim
C049-1411,MRA22591R0000401246_Page_1411.png,bafybeiapv3jcyh74fwuttudyvg2amfrgnfzjq2fg32w5jghvjytxgvugim
C049-1602,MRA22591R0000401246_Page_1602.png,bafybeiapv3jcyh74fwuttudyvg2amfrgnfzjq2fg32w5jghvjytxgvugim
C049-1701,MRA22591R0000401246_Page_1701.png,bafybeiapv3jcyh74fwuttudyvg2amfrgnfzjq2fg32w5jghvjytxgvugim
C049-1723,MRA22591R0000401246_Page_1723.png,bafybeiapv3jcyh74fwuttudyvg2amfrgnfzjq2fg32w5jghvjytxgvugim
C049-1204,MRA22591R0000401246_Page_1204.png,bafybeiapv3jcyh74fwuttudyvg2amfrgnfzjq2fg32w5jghvjytxgvugim
C049-1207,MRA22591R0000401246_Page_1207.png,bafybeiapv3jcyh74fwuttudyvg2amfrgnfzjq2fg32w5jghvjytxgvugim
C049-0892,MRA22591R0000401246_Page_0892.png,bafybeiapv3jcyh74fwuttudyvg2amfrgnfzjq2fg32w5jghvjytxgvugim
C049-1157,MRA22591R0000401246_Page_1157.png,bafybeiapv3jcyh74fwuttudyvg2amfrgnfzjq2fg32w5jghvjytxgvugim
C049-0893,MRA22591R0000401246_Page_0893.png,bafybeiapv3jcyh74fwuttudyvg2amfrgnfzjq2fg32w5jghvjytxgvugim
C049-0603,MRA22591R0000401246_Page_0603.png,bafybeiapv3jcyh74fwuttudyvg2amfrgnfzjq2fg32w5jghvjytxgvugim
C049-0360,MRA22591R0000401246_Page_0360.png,bafybeiapv3jcyh74fwuttudyvg2amfrgnfzjq2fg32w5jghvjytxgvugim
C049-0502,MRA22591R0000401246_Page_0502.png,bafybeiapv3jcyh74fwuttudyvg2amfrgnfzjq2fg32w5jghvjytxgvugim
C049-1663,MRA22591R0000401246_Page_1663.png,bafybeiapv3jcyh74fwuttudyvg2amfrgnfzjq2fg32w5jghvjytxgvugim
C049-0323,MRA22591R0000401246_Page_0323.png,bafybeiapv3jcyh74fwuttudyvg2amfrgnfzjq2fg32w5jghvjytxgvugim
C049-0453,MRA22591R0000401246_Page_0453.png,bafybeiapv3jcyh74fwuttudyvg2amfrgnfzjq2fg32w5jghvjytxgvugim
C049-0471,MRA22591R0000401246_Page_0471.png,bafybeiapv3jcyh74fwuttudyvg2amfrgnfzjq2fg32w5jghvjytxgvugim
C049-1639,MRA22591R0000401246_Page_1639.png,bafybeiapv3jcyh74fwuttudyvg2amfrgnfzjq2fg32w5jghvjytxgvugim
C049-1581,MRA22591R0000401246_Page_1581.png,bafybeiapv3jcyh74fwuttudyvg2amfrgnfzjq2fg32w5jghvjytxgvugim
C049-1601,MRA22591R0000401246_Page_1601.png,bafybeiapv3jcyh74fwuttudyvg2amfrgnfzjq2fg32w5jghvjytxgvugim
C049-0337,MRA22591R0000401246_Page_0337.png,bafybeiapv3jcyh74fwuttudyvg2amfrgnfzjq2fg32w5jghvjytxgvugim
C049-1071,MRA22591R0000401246_Page_1071.png,bafybeiapv3jcyh74fwuttudyvg2amfrgnfzjq2fg32w5jghvjytxgvugim
C049-1185,MRA22591R0000401246_Page_1185.png,bafybeiapv3jcyh74fwuttudyvg2amfrgnfzjq2fg32w5jghvjytxgvugim
C049-1382,MRA22591R0000401246_Page_1382.png,bafybeiapv3jcyh74fwuttudyvg2amfrgnfzjq2fg32w5jghvjytxgvugim
C049-1386,MRA22591R0000401246_Page_1386.png,bafybeiapv3jcyh74fwuttudyvg2amfrgnfzjq2fg32w5jghvjytxgvugim
C049-0652,MRA22591R0000401246_Page_0652.png,bafybeiapv3jcyh74fwuttudyvg2amfrgnfzjq2fg32w5jghvjytxgvugim
P235,decf86ab7717c028e1c6c90de1f3fddb24f09d6dfb57bf766b2fb62fab5ede05.jpg,
P236,ccb415c2fb2b34b2574c7d6777b1c671893ba54165bd29e11c54a6a7b4169f79.jpg,
P237,IMG_20221127_003151.jpg,bafybeifwnmhcbzdrtra2u4lgg5n7rhnlpgz3hsqez5jipbxi5yrmpdpoaa
P238,eadd79c27050fcc33126d59bddc8a14c0f93b887bbfa28be554f55106efbce2a.jpg,
P239,Jorgen Samso - Clip0006.MXF,
P240,Clip0001M01.XML,
P241,video_20221127_002255.mp4,bafybeih42w2fwe4b6ydsv3sr4xetadwsic5yags2j5cny4vpxf5ekotnzy
C001-crop,C001-crop.png,bafybeigzqeiqpxorm2ovzlv6tweutkujr7xlxlglr2ienywwj6eybq3fgu
C006 BIO CROP,C006 BIO CROP.jpg,bafybeigzqeiqpxorm2ovzlv6tweutkujr7xlxlglr2ienywwj6eybq3fgu
C068-crop,C068-crop.jpg,bafybeigzqeiqpxorm2ovzlv6tweutkujr7xlxlglr2ienywwj6eybq3fgu
P245,f3d5813794d8aa9c01cd88e4ff2cbd04024445918cba9e8b84574341ca1ebe1a.jpg,
C001,C001.png,bafybeigzqeiqpxorm2ovzlv6tweutkujr7xlxlglr2ienywwj6eybq3fgu
C006,C006.png,bafybeigzqeiqpxorm2ovzlv6tweutkujr7xlxlglr2ienywwj6eybq3fgu
C016,C016.png,bafybeigzqeiqpxorm2ovzlv6tweutkujr7xlxlglr2ienywwj6eybq3fgu
C018,C018.png,bafybeigzqeiqpxorm2ovzlv6tweutkujr7xlxlglr2ienywwj6eybq3fgu
C019,C019.png,bafybeigzqeiqpxorm2ovzlv6tweutkujr7xlxlglr2ienywwj6eybq3fgu
C020,C020.png,bafybeigzqeiqpxorm2ovzlv6tweutkujr7xlxlglr2ienywwj6eybq3fgu
C031,C031.png,bafybeigyytrzlq5yibk2htzimxslvrtcaxgeesz46qugjldzv7gpfoq7sy
C036,C036.png,bafybeigzqeiqpxorm2ovzlv6tweutkujr7xlxlglr2ienywwj6eybq3fgu
C037,C037.png,bafybeigzqeiqpxorm2ovzlv6tweutkujr7xlxlglr2ienywwj6eybq3fgu
C038,C038.png,bafybeigzqeiqpxorm2ovzlv6tweutkujr7xlxlglr2ienywwj6eybq3fgu
C042,C042.png,bafybeig2lvdloj4dnu4m4tlclnslxcbc56ylryaupipdy2swxrjadu44ma
C043,C043.png,bafybeigzqeiqpxorm2ovzlv6tweutkujr7xlxlglr2ienywwj6eybq3fgu
C045,C045.png,bafybeigzqeiqpxorm2ovzlv6tweutkujr7xlxlglr2ienywwj6eybq3fgu
C046,C046.png,bafybeigzqeiqpxorm2ovzlv6tweutkujr7xlxlglr2ienywwj6eybq3fgu
C047,C047.png,bafybeigzqeiqpxorm2ovzlv6tweutkujr7xlxlglr2ienywwj6eybq3fgu
C052,C052.png,bafybeigyytrzlq5yibk2htzimxslvrtcaxgeesz46qugjldzv7gpfoq7sy
C053,C053.png,bafybeigyytrzlq5yibk2htzimxslvrtcaxgeesz46qugjldzv7gpfoq7sy
C054,C054.png,bafybeigyytrzlq5yibk2htzimxslvrtcaxgeesz46qugjldzv7gpfoq7sy
C055,C055.png,bafybeigyytrzlq5yibk2htzimxslvrtcaxgeesz46qugjldzv7gpfoq7sy
C056,C056.png,bafybeigyytrzlq5yibk2htzimxslvrtcaxgeesz46qugjldzv7gpfoq7sy
C057,C057.png,bafybeifhagcmhh3vytsk3xjlaod4c5zebvam7ygxuxhd3ajoqia7wn5xua
C058,C058.png,bafybeifhagcmhh3vytsk3xjlaod4c5zebvam7ygxuxhd3ajoqia7wn5xua
C059,C059.png,bafybeig2lvdloj4dnu4m4tlclnslxcbc56ylryaupipdy2swxrjadu44ma
C060,C060.png,bafybeigyytrzlq5yibk2htzimxslvrtcaxgeesz46qugjldzv7gpfoq7sy
C061,C061.png,bafybeigyytrzlq5yibk2htzimxslvrtcaxgeesz46qugjldzv7gpfoq7sy
C062,C062.png,bafybeigzqeiqpxorm2ovzlv6tweutkujr7xlxlglr2ienywwj6eybq3fgu
C068,C068.png,bafybeigzqeiqpxorm2ovzlv6tweutkujr7xlxlglr2ienywwj6eybq3fgu
C069,C069.png,bafybeigzqeiqpxorm2ovzlv6tweutkujr7xlxlglr2ienywwj6eybq3fgu
C071,C071.png,bafybeigyytrzlq5yibk2htzimxslvrtcaxgeesz46qugjldzv7gpfoq7sy
C072,C072.png,bafybeigzqeiqpxorm2ovzlv6tweutkujr7xlxlglr2ienywwj6eybq3fgu
C073,C073.png,bafybeigzqeiqpxorm2ovzlv6tweutkujr7xlxlglr2ienywwj6eybq3fgu
C081,C081.png,bafybeigzqeiqpxorm2ovzlv6tweutkujr7xlxlglr2ienywwj6eybq3fgu
C089,C089.png,bafybeiav2t5vpvhrlla4q5fxe6zyuwiawdp6tdnuegkuv426f4z7oua2pe
C094,C094.png,bafybeigzqeiqpxorm2ovzlv6tweutkujr7xlxlglr2ienywwj6eybq3fgu
C106,C106.png,bafybeigzqeiqpxorm2ovzlv6tweutkujr7xlxlglr2ienywwj6eybq3fgu
C116,C116.png,bafybeicveesggqgt2pup2rnzdzzn4kfeysblznpfm2noup4l6u55majdsy
C117,C117.png,bafybeigzqeiqpxorm2ovzlv6tweutkujr7xlxlglr2ienywwj6eybq3fgu
C144,C144.png,bafybeifhagcmhh3vytsk3xjlaod4c5zebvam7ygxuxhd3ajoqia7wn5xua
C145,C145.png,bafybeifhagcmhh3vytsk3xjlaod4c5zebvam7ygxuxhd3ajoqia7wn5xua
UCR1,UCR1.png,bafybeiapv3jcyh74fwuttudyvg2amfrgnfzjq2fg32w5jghvjytxgvugim
UCR2,UCR2.png,bafybeiapv3jcyh74fwuttudyvg2amfrgnfzjq2fg32w5jghvjytxgvugim
UCR3,UCR3.png,bafybeiapv3jcyh74fwuttudyvg2amfrgnfzjq2fg32w5jghvjytxgvugim
UCR4,UCR4.png,bafybeiapv3jcyh74fwuttudyvg2amfrgnfzjq2fg32w5jghvjytxgvugim
