baga6ea4seaqeliwckrzxf3d5nazpolch5ayzrtwaxf7m25o5tyuspvyouf4l4kq	2022-bijeljina-investigation-novi-sad-proofmode/0695dd970e82832734140b29aa10815314f028d24d7c08ca742dbdbf856a3df3.encrypted
baga6ea4seaqeliwckrzxf3d5nazpolch5ayzrtwaxf7m25o5tyuspvyouf4l4kq	2022-bijeljina-investigation-starling-videos/54d7d2cbb9727e9621f083e37c99b5e1895d989370677b068a73931db2777207.encrypted
baga6ea4seaqeliwckrzxf3d5nazpolch5ayzrtwaxf7m25o5tyuspvyouf4l4kq	2022-bijeljina-investigation-novi-sad-proofmode/9efe6f2496e23e1c6fa2bb4721df556056a50e2c8baa216a571d3a870d7fcb9e.encrypted
baga6ea4seaqeliwckrzxf3d5nazpolch5ayzrtwaxf7m25o5tyuspvyouf4l4kq	2022-bijeljina-investigation-icty-document-png/38b2c723b56865a2ce42d12b8e6dcb760dc051502fad7446792ac3f555749b2a.encrypted
baga6ea4seaqeliwckrzxf3d5nazpolch5ayzrtwaxf7m25o5tyuspvyouf4l4kq	2022-bijeljina-investigation-web-archive-local/a8bc78d7e243c442d2aa268a4ac0114e54ef2bafdf6f95d462feeae276bf9ec7.encrypted
baga6ea4seaqeliwckrzxf3d5nazpolch5ayzrtwaxf7m25o5tyuspvyouf4l4kq	2022-bijeljina-investigation-web-archive-local/a02cbd36a97f093e51c13dfe5e30178e1e5184dbe0fd7bd087ee128b3752068c.encrypted
baga6ea4seaqeliwckrzxf3d5nazpolch5ayzrtwaxf7m25o5tyuspvyouf4l4kq	2022-bijeljina-investigation-web-archive-local/694720d2c0f1072ce1a7e6a1a8975687addd10dad4472ad7de2062c2f66307ff.encrypted
baga6ea4seaqeliwckrzxf3d5nazpolch5ayzrtwaxf7m25o5tyuspvyouf4l4kq	2022-bijeljina-investigation-web-archive-local/95f8cc50905117f3f3846ca9b620f8782b845f769f1b4dbead112eaf22c09992.encrypted
baga6ea4seaqeliwckrzxf3d5nazpolch5ayzrtwaxf7m25o5tyuspvyouf4l4kq	2022-bijeljina-investigation-web-archive-local/24478542d082cf6f6b82a92bc3eacc9ae089a983693fdf95e9d3fc085ee8b88f.encrypted
baga6ea4seaqeliwckrzxf3d5nazpolch5ayzrtwaxf7m25o5tyuspvyouf4l4kq	2022-bijeljina-investigation-web-archive-browsertrix/abd891a635179d38db0f2dd326f5e99f618812b67635062857604ac9345a1fb6.encrypted
baga6ea4seaqeliwckrzxf3d5nazpolch5ayzrtwaxf7m25o5tyuspvyouf4l4kq	2022-bijeljina-investigation-bts/1331c89482279ddbe9fb77bbf0e8e90748f46f6300f7f01106bbcef73d8576d1.encrypted
baga6ea4seaqeliwckrzxf3d5nazpolch5ayzrtwaxf7m25o5tyuspvyouf4l4kq	2022-bijeljina-investigation-web-archive-local/f12b99c44c8a18fc16c31ff8ccab316880c7435edca295d55bfdaa90ac3b1b78.encrypted
baga6ea4seaqfhl32tiwydchf45m5vjxlfszk2xk6budmsnlhpi3ooeqmivfsoiy	2022-bijeljina-investigation-icty-document-png/10291d4d28c7c107fe4396f461ceba6d2d7a87e30267a16071341453bad9e67b.encrypted
baga6ea4seaqfhl32tiwydchf45m5vjxlfszk2xk6budmsnlhpi3ooeqmivfsoiy	2022-bijeljina-investigation-novi-sad-proofmode/3b659534c416565fed2d1640f216ada239e8bd9a110090db70d9787eec58ee04.encrypted
baga6ea4seaqfhl32tiwydchf45m5vjxlfszk2xk6budmsnlhpi3ooeqmivfsoiy	2022-bijeljina-investigation-icty-document-png/cbe7ad697dcf08b27723798062431ac0b58a53c76bb5f6d48b6ed8fa7d1cff72.encrypted
baga6ea4seaqfhl32tiwydchf45m5vjxlfszk2xk6budmsnlhpi3ooeqmivfsoiy	2022-bijeljina-investigation-captions/1cd9ce30b5e3b94cef3bc343842c6ce179785a393a71e0d6969d1b273b5667db.encrypted
baga6ea4seaqfhl32tiwydchf45m5vjxlfszk2xk6budmsnlhpi3ooeqmivfsoiy	2022-bijeljina-investigation-captions/c73defe2010de19f13025f1a4570753caa53ce25eb538f7aec53519ae3ba5b6f.encrypted
baga6ea4seaqfhl32tiwydchf45m5vjxlfszk2xk6budmsnlhpi3ooeqmivfsoiy	2022-bijeljina-investigation-captions/d9bef4d615f95a0fed96924b530f56bd791abe9b47a67d142161475d6617e1ba.encrypted
baga6ea4seaqfhl32tiwydchf45m5vjxlfszk2xk6budmsnlhpi3ooeqmivfsoiy	2022-bijeljina-investigation-novi-sad-proofmode/616083421140726e7baf9f13aeeb65224a794714283b9f3b1cdb2aafc4714327.encrypted
baga6ea4seaqfhl32tiwydchf45m5vjxlfszk2xk6budmsnlhpi3ooeqmivfsoiy	2022-bijeljina-investigation-captions/0a7dd4db9c01baff142c2312092072d051a3156b810463c17d2c8e4a868c8465.encrypted
baga6ea4seaqfhl32tiwydchf45m5vjxlfszk2xk6budmsnlhpi3ooeqmivfsoiy	2022-bijeljina-investigation-novi-sad-proofmode/1e03fecc608691adcb7c81fa2d42f49a463a5c9064e45bbe1dc17b8743f560b6.encrypted
baga6ea4seaqfhl32tiwydchf45m5vjxlfszk2xk6budmsnlhpi3ooeqmivfsoiy	2022-bijeljina-investigation-captions/92124efa9621ecdad9a10b63988c4fed9fb541e9aeb1aa22d36f419462645ba0.encrypted
baga6ea4seaqfhl32tiwydchf45m5vjxlfszk2xk6budmsnlhpi3ooeqmivfsoiy	2022-bijeljina-investigation-icty-document-png/f165bc000a513b3549b4f9aa34053aa19145359798093a13cef79fa5a6f34aa7.encrypted
baga6ea4seaqfhl32tiwydchf45m5vjxlfszk2xk6budmsnlhpi3ooeqmivfsoiy	2022-bijeljina-investigation-icty-document-png/1cbc816797094971531c95cb766b12274ef967c7e68207dcec6de0d13d5e02d2.encrypted
baga6ea4seaqfhl32tiwydchf45m5vjxlfszk2xk6budmsnlhpi3ooeqmivfsoiy	2022-bijeljina-investigation-captions/6488b6eb615a71802a9565645acb64e1388cdaa99014e5a0727e4fee6c09ec0c.encrypted
baga6ea4seaqfhl32tiwydchf45m5vjxlfszk2xk6budmsnlhpi3ooeqmivfsoiy	2022-bijeljina-investigation-icty-document-png/a2106d4f3eaea906126e96b771384d804846bd3a32b9506547f070bc667164bf.encrypted
baga6ea4seaqfhl32tiwydchf45m5vjxlfszk2xk6budmsnlhpi3ooeqmivfsoiy	2022-bijeljina-investigation-icty-document-png/5dd73117f083c264bc7fee878ec23560b4ad74ceafc0ed50a062766f51f29463.encrypted
baga6ea4seaqfhl32tiwydchf45m5vjxlfszk2xk6budmsnlhpi3ooeqmivfsoiy	2022-bijeljina-investigation-novi-sad-proofmode/3360c3985b9ec26e039370c017738699bb48eac682b0da044b2a3c9f62419132.encrypted
baga6ea4seaqfhl32tiwydchf45m5vjxlfszk2xk6budmsnlhpi3ooeqmivfsoiy	2022-bijeljina-investigation-wire-photos/cbed0384c579180124b999f96e92b3590c382fbcc861ed811c66e50045f55582.encrypted
baga6ea4seaqfhl32tiwydchf45m5vjxlfszk2xk6budmsnlhpi3ooeqmivfsoiy	2022-bijeljina-investigation-icty-document-png/83703e902176b91523b019ae3e4b340aa3f6f0bb7b472dd0a8d85d841af325c5.encrypted
baga6ea4seaqfhl32tiwydchf45m5vjxlfszk2xk6budmsnlhpi3ooeqmivfsoiy	2022-bijeljina-investigation-captions/9119505766b9e076bd21f0455960c70a498d7b12b20c3cdd4d48a0dc05f453ef.encrypted
baga6ea4seaqfhl32tiwydchf45m5vjxlfszk2xk6budmsnlhpi3ooeqmivfsoiy	2022-bijeljina-investigation-haviv-private-archive/e65c7e5323cf9318d93a4214d7718427288f074e815e80ef427f5ca8b8af5632.encrypted
baga6ea4seaqfhl32tiwydchf45m5vjxlfszk2xk6budmsnlhpi3ooeqmivfsoiy	2022-bijeljina-investigation-captions/fbe3635d5f5bd466c4049a4bb4db83b35f17600b776fa3b4051853dddd098800.encrypted
baga6ea4seaqfhl32tiwydchf45m5vjxlfszk2xk6budmsnlhpi3ooeqmivfsoiy	2022-bijeljina-investigation-novi-sad-proofmode/02c2f20ef1a77200e98eb89d55dcded40d35d898685587aacdf807fdbb953d1d.encrypted
baga6ea4seaqfhl32tiwydchf45m5vjxlfszk2xk6budmsnlhpi3ooeqmivfsoiy	2022-bijeljina-investigation-icty-document-png/2fa13c52148026265c47cd494a4af5798295d1e8dfadcb341ef93dd1b286948d.encrypted
baga6ea4seaqfhl32tiwydchf45m5vjxlfszk2xk6budmsnlhpi3ooeqmivfsoiy	2022-bijeljina-investigation-captions/c96c8faa47289070cb856ca88c52882a67044a6dfb4349369d51215859cf7619.encrypted
baga6ea4seaqfhl32tiwydchf45m5vjxlfszk2xk6budmsnlhpi3ooeqmivfsoiy	2022-bijeljina-investigation-captions/0bbc19bdfd69be65b97138b39d445af7e2e135709a3d0ca854031e6bd64bdd75.encrypted
baga6ea4seaqfhl32tiwydchf45m5vjxlfszk2xk6budmsnlhpi3ooeqmivfsoiy	2022-bijeljina-investigation-captions/c069db46a369a8c58e35bb39cee233e90a1bd98ce3c96c0f52b4a4ab39c05c94.encrypted
baga6ea4seaqfhl32tiwydchf45m5vjxlfszk2xk6budmsnlhpi3ooeqmivfsoiy	2022-bijeljina-investigation-captions/279bbc4f6d25f5e95f4c7898f33a9f58d09060fa1bf1f5c71cfc0ee5816d6f6a.encrypted
baga6ea4seaqfhl32tiwydchf45m5vjxlfszk2xk6budmsnlhpi3ooeqmivfsoiy	2022-bijeljina-investigation-icty-document-png/e7d76f2121bdc519ffbcbae847a599d8f69e65843ced48594bbc37c97a3ca9b9.encrypted
baga6ea4seaqfhl32tiwydchf45m5vjxlfszk2xk6budmsnlhpi3ooeqmivfsoiy	2022-bijeljina-investigation-captions/268f8c84a78881a8210996989730e563d70812674bd5e771c7ca01cda8c75cd3.encrypted
baga6ea4seaqfhl32tiwydchf45m5vjxlfszk2xk6budmsnlhpi3ooeqmivfsoiy	2022-bijeljina-investigation-captions/84d855e7ec2daffdab4a6706a5a7e34e07bdc434e7ec6c56e168808d798cb3c6.encrypted
baga6ea4seaqfhl32tiwydchf45m5vjxlfszk2xk6budmsnlhpi3ooeqmivfsoiy	2022-bijeljina-investigation-captions/228271fb90476434cb3fecdbce45881e27fba162c5bcc1c8ef849095bf6e93e6.encrypted
baga6ea4seaqfhl32tiwydchf45m5vjxlfszk2xk6budmsnlhpi3ooeqmivfsoiy	2022-bijeljina-investigation-icty-document-png/293efe0b2acc55148409f842955b3e17ee7e23da8966e51a7675c7c92ee531f0.encrypted
baga6ea4seaqfhl32tiwydchf45m5vjxlfszk2xk6budmsnlhpi3ooeqmivfsoiy	2022-bijeljina-investigation-icty-document-png/818d62e3f114c8bdbd309fd44251a84005873e9e524061f2b677829589f144a3.encrypted
baga6ea4seaqfhl32tiwydchf45m5vjxlfszk2xk6budmsnlhpi3ooeqmivfsoiy	2022-bijeljina-investigation-icty-document-png/617d06970212e91647644b89ea3c142ead10d166741789ad72b5860d5fe2bca1.encrypted
baga6ea4seaqfhl32tiwydchf45m5vjxlfszk2xk6budmsnlhpi3ooeqmivfsoiy	2022-bijeljina-investigation-captions/d149caa5d9181b3ee2b2790deea5241a26d4d9900393ebb32c3680514fe3eeac.encrypted
baga6ea4seaqfhl32tiwydchf45m5vjxlfszk2xk6budmsnlhpi3ooeqmivfsoiy	2022-bijeljina-investigation-captions/0732c82ebd126a841e24c8763a8bd4cb26956563bc72d9f4cff4e76a24ed16a1.encrypted
baga6ea4seaqfhl32tiwydchf45m5vjxlfszk2xk6budmsnlhpi3ooeqmivfsoiy	2022-bijeljina-investigation-captions/3747ceb5bdb9ee71dfb28de6637520bd27e8adc3011137acf9cffb8f6d2f9af5.encrypted
baga6ea4seaqfhl32tiwydchf45m5vjxlfszk2xk6budmsnlhpi3ooeqmivfsoiy	2022-bijeljina-investigation-captions/a22440930b8a3790e8b5980d6f5df756e2164daab83344e50f477bfaa5dac5d9.encrypted
baga6ea4seaqfhl32tiwydchf45m5vjxlfszk2xk6budmsnlhpi3ooeqmivfsoiy	2022-bijeljina-investigation-icty-document-png/16eeb3d22a93159fe284bd8a5c0c0bd26c2b7958a2ba24a03c81abf10dd8eba0.encrypted
baga6ea4seaqfhl32tiwydchf45m5vjxlfszk2xk6budmsnlhpi3ooeqmivfsoiy	2022-bijeljina-investigation-captions/acee560873b6336622c2718abda5d07949805f6bfef326946f9235bf8b401599.encrypted
baga6ea4seaqfhl32tiwydchf45m5vjxlfszk2xk6budmsnlhpi3ooeqmivfsoiy	2022-bijeljina-investigation-captions/bcebc99880312bba9ce19ac28db170d6649973d768abb6ddd59cb06030d153f4.encrypted
baga6ea4seaqfhl32tiwydchf45m5vjxlfszk2xk6budmsnlhpi3ooeqmivfsoiy	2022-bijeljina-investigation-screenshots/df935aff6d9dde5b0271970af7899e26d6ec3faa253dc1c25d2836ac93e7b3f7.encrypted
baga6ea4seaqfhl32tiwydchf45m5vjxlfszk2xk6budmsnlhpi3ooeqmivfsoiy	2022-bijeljina-investigation-captions/32059659fc93f89a647b2557700c35eb5eb3296105ee5a73e5105739870753ca.encrypted
baga6ea4seaqfhl32tiwydchf45m5vjxlfszk2xk6budmsnlhpi3ooeqmivfsoiy	2022-bijeljina-investigation-captions/94a027ff565e24cca6b9b2420b2016f225c55360f7e7dfb81dc81eb93f8c7ab3.encrypted
baga6ea4seaqfhl32tiwydchf45m5vjxlfszk2xk6budmsnlhpi3ooeqmivfsoiy	2022-bijeljina-investigation-captions/decaf60b98a1d8f6ffb690121880681101315f705fdd062ddc8106a8d8737e32.encrypted
baga6ea4seaqfhl32tiwydchf45m5vjxlfszk2xk6budmsnlhpi3ooeqmivfsoiy	2022-bijeljina-investigation-captions/228e0d97659d621d05fe43c8becc7c1b009f5530efe7a8e3ecb7c216fe7e5859.encrypted
baga6ea4seaqfhl32tiwydchf45m5vjxlfszk2xk6budmsnlhpi3ooeqmivfsoiy	2022-bijeljina-investigation-icty-document-png/1662f629de14b81123c7a64c7e3242ff78a96474d21fcf4a922d2452753d7d8e.encrypted
baga6ea4seaqfhl32tiwydchf45m5vjxlfszk2xk6budmsnlhpi3ooeqmivfsoiy	2022-bijeljina-investigation-web-archive-browsertrix/365f547166124678a92ce4e64521ebc7cdf5f597e7fd26dd73b8c7f5485446aa.encrypted
baga6ea4seaqfhl32tiwydchf45m5vjxlfszk2xk6budmsnlhpi3ooeqmivfsoiy	2022-bijeljina-investigation-icty-document-png/091eab2d91062c4ea7c69de4509bf81466b1fe5851c71c723ecb8b31fcff8a50.encrypted
baga6ea4seaqfhl32tiwydchf45m5vjxlfszk2xk6budmsnlhpi3ooeqmivfsoiy	2022-bijeljina-investigation-captions/03cebbd38b630d70e829786e82432f8f6b0f6adc048b2d778e32ea41cd5a8528.encrypted
baga6ea4seaqfhl32tiwydchf45m5vjxlfszk2xk6budmsnlhpi3ooeqmivfsoiy	2022-bijeljina-investigation-icty-document-png/2cbb87f0b9730d7355644586f303ca0a10bbda062b702e6c91ac1c11f7b539b7.encrypted
baga6ea4seaqfhl32tiwydchf45m5vjxlfszk2xk6budmsnlhpi3ooeqmivfsoiy	2022-bijeljina-investigation-screenshots/6a6520420bbf5bf01375803dcf93d1623167e52610cc084b23bd4e2355047f69.encrypted
baga6ea4seaqfhl32tiwydchf45m5vjxlfszk2xk6budmsnlhpi3ooeqmivfsoiy	2022-bijeljina-investigation-novi-sad-media/ea49d041ea9baaf740038f2b30844b9046334c3af11950b15fdb032dc5b8b678.encrypted
baga6ea4seaqfhl32tiwydchf45m5vjxlfszk2xk6budmsnlhpi3ooeqmivfsoiy	2022-bijeljina-investigation-screenshots/398b40d316e8c1b51401c45bb375a40bd56574ee370fe1e9d9f8ab973e0f5e65.encrypted
baga6ea4seaqfhl32tiwydchf45m5vjxlfszk2xk6budmsnlhpi3ooeqmivfsoiy	2022-bijeljina-investigation-captions/0f0fd11455b8a9c3fea03b0a2dbad7b5fb4e0cc4c106e784119cfbd2b705fc0b.encrypted
baga6ea4seaqfhl32tiwydchf45m5vjxlfszk2xk6budmsnlhpi3ooeqmivfsoiy	2022-bijeljina-investigation-screenshots/ee8960882ce71d35ea945c5da164bbf29986708bb40d76fecfa8a447794df3ea.encrypted
baga6ea4seaqfhl32tiwydchf45m5vjxlfszk2xk6budmsnlhpi3ooeqmivfsoiy	2022-bijeljina-investigation-captions/89784c514883e09ed88b58d4ae75b7f730d36570c5286af5b6687a2efdd42f83.encrypted
baga6ea4seaqfhl32tiwydchf45m5vjxlfszk2xk6budmsnlhpi3ooeqmivfsoiy	2022-bijeljina-investigation-novi-sad-proofmode/2f3aafd0c1aba5be5410e34bc94cf878b34fffdc742a1548a488131e303dcd77.encrypted
baga6ea4seaqfhl32tiwydchf45m5vjxlfszk2xk6budmsnlhpi3ooeqmivfsoiy	2022-bijeljina-investigation-captions/c7b82ccbff2e134d6fffb223161b19825458286caf038aed7cf652ccc5e48ebd.encrypted
baga6ea4seaqfhl32tiwydchf45m5vjxlfszk2xk6budmsnlhpi3ooeqmivfsoiy	2022-bijeljina-investigation-captions/e3c6c29996797d6bf5ec0565dbf26f0c0f67a2debc54958b510245d3e9389ef7.encrypted
baga6ea4seaqfhl32tiwydchf45m5vjxlfszk2xk6budmsnlhpi3ooeqmivfsoiy	2022-bijeljina-investigation-icty-document-png/f088bafb8478178dde16dcce6d58a3f41d1292aee29065f17ddec45a0205e750.encrypted
baga6ea4seaqfhl32tiwydchf45m5vjxlfszk2xk6budmsnlhpi3ooeqmivfsoiy	2022-bijeljina-investigation-screenshots/9cb2c492517aac091cb6a050df46fabea24d5ff42878e62ee733f3fbcbe1241f.encrypted
baga6ea4seaqfhl32tiwydchf45m5vjxlfszk2xk6budmsnlhpi3ooeqmivfsoiy	2022-bijeljina-investigation-captions/9c212f4331bfe675cafed19e1563c546b6914812c8027bb9ed4621b657e43a26.encrypted
baga6ea4seaqfhl32tiwydchf45m5vjxlfszk2xk6budmsnlhpi3ooeqmivfsoiy	2022-bijeljina-investigation-captions/6dd17f555653074c5581de9da9a706efb376285a46bb4f32cebde76864a4fd0f.encrypted
baga6ea4seaqfhl32tiwydchf45m5vjxlfszk2xk6budmsnlhpi3ooeqmivfsoiy	2022-bijeljina-investigation-icty-document-png/b93b769dd9ec8591e4c25ae55ab0c84858731a8fedc71ce3ba1a2c01a1d081b6.encrypted
baga6ea4seaqfhl32tiwydchf45m5vjxlfszk2xk6budmsnlhpi3ooeqmivfsoiy	2022-bijeljina-investigation-captions/4cc9f61d7f969a56f16719afaa466327678ae3c6309159407e72f7c87650f6af.encrypted
baga6ea4seaqfhl32tiwydchf45m5vjxlfszk2xk6budmsnlhpi3ooeqmivfsoiy	2022-bijeljina-investigation-novi-sad-proofmode/1f517db889837ae7d28dc28d9c9605ba856d648b42f430933087819143831978.encrypted
baga6ea4seaqfhl32tiwydchf45m5vjxlfszk2xk6budmsnlhpi3ooeqmivfsoiy	2022-bijeljina-investigation-bts/348dd082045f26b3f77ad04ad60cdfa03a44ac214790c057d7c24b3e66945a46.encrypted
baga6ea4seaqfhl32tiwydchf45m5vjxlfszk2xk6budmsnlhpi3ooeqmivfsoiy	2022-bijeljina-investigation-screenshots/f8283bb7af37cd3d52145a1ad21c465695fcdcf329f6b550c661866ec5081bf5.encrypted
baga6ea4seaqfhl32tiwydchf45m5vjxlfszk2xk6budmsnlhpi3ooeqmivfsoiy	2022-bijeljina-investigation-captions/18093364f79e60ca8b6727dd96626ebd63c41bab2f2adaa1fb67cb3630624149.encrypted
baga6ea4seaqfhl32tiwydchf45m5vjxlfszk2xk6budmsnlhpi3ooeqmivfsoiy	2022-bijeljina-investigation-icty-document-png/53f986f636da3ffa95734307c02ac5b1bb727b18619123ceae41a6e8e30b1c24.encrypted
baga6ea4seaqfhl32tiwydchf45m5vjxlfszk2xk6budmsnlhpi3ooeqmivfsoiy	2022-bijeljina-investigation-captions/e008a707073c31fb677ed4f86ab511164413792337ea7b467c866cac6a011660.encrypted
baga6ea4seaqfhl32tiwydchf45m5vjxlfszk2xk6budmsnlhpi3ooeqmivfsoiy	2022-bijeljina-investigation-icty-document-png/388f46be8aa2fdf52598354fcaec9f0bf97790654d5d6b7b08623e034760b4c1.encrypted
baga6ea4seaqfhl32tiwydchf45m5vjxlfszk2xk6budmsnlhpi3ooeqmivfsoiy	2022-bijeljina-investigation-starling-videos/c330d0e5f6e943b93b70afd6250303b7c33650d54ae5616c791e4f5288f17b00.encrypted
baga6ea4seaqfhl32tiwydchf45m5vjxlfszk2xk6budmsnlhpi3ooeqmivfsoiy	2022-bijeljina-investigation-wire-photos/bdea99203f810abfd29c41f05f2ef87f55e1780868c3a327c350354805992710.encrypted
baga6ea4seaqfhl32tiwydchf45m5vjxlfszk2xk6budmsnlhpi3ooeqmivfsoiy	2022-bijeljina-investigation-captions/c0583c6e6bf4550a80c5134b0cac258fb0b8b102320dfc9c6c842548da1b5fd8.encrypted
baga6ea4seaqfhl32tiwydchf45m5vjxlfszk2xk6budmsnlhpi3ooeqmivfsoiy	2022-bijeljina-investigation-starling-photos/c2fc790569ec402942fec2698096a54c72cd99f5c2411aebc67e60d836fc0905.encrypted
baga6ea4seaqfhl32tiwydchf45m5vjxlfszk2xk6budmsnlhpi3ooeqmivfsoiy	2022-bijeljina-investigation-starling-videos/87c981f3d921214f32e0310b579b83353887b436fafde978c57ff82ec5de7b16.encrypted
baga6ea4seaqfhl32tiwydchf45m5vjxlfszk2xk6budmsnlhpi3ooeqmivfsoiy	2022-bijeljina-investigation-icty-document-png/2ebc7097fea3438dd1c16e3e292f64cd308bed571a99c65d82dec5d342507918.encrypted
baga6ea4seaqfhl32tiwydchf45m5vjxlfszk2xk6budmsnlhpi3ooeqmivfsoiy	2022-bijeljina-investigation-captions/716773507e9ee88ebb66a800a83f07d4bde7b7379833f3808ab0934bd2e98377.encrypted
baga6ea4seaqfhl32tiwydchf45m5vjxlfszk2xk6budmsnlhpi3ooeqmivfsoiy	2022-bijeljina-investigation-icty-document-png/d0248677a67e19586cdf5058290183f5d439a6b8824c99f653aac34aa73a259c.encrypted
baga6ea4seaqfhl32tiwydchf45m5vjxlfszk2xk6budmsnlhpi3ooeqmivfsoiy	2022-bijeljina-investigation-captions/03185cccf9da35587a60a847b4de11b0e065115801a6c1756a05f58b529fd35c.encrypted
baga6ea4seaqfhl32tiwydchf45m5vjxlfszk2xk6budmsnlhpi3ooeqmivfsoiy	2022-bijeljina-investigation-captions/f28f1e42caa7feea89b5a570f480f7155aa2baba6d2b27b0da9fd19fb616914a.encrypted
baga6ea4seaqfhl32tiwydchf45m5vjxlfszk2xk6budmsnlhpi3ooeqmivfsoiy	2022-bijeljina-investigation-novi-sad-proofmode/c19adbf99071a6adc26dccc4516dc30778e795dcf7d58c9b1981d1db9e324c75.encrypted
baga6ea4seaqfhl32tiwydchf45m5vjxlfszk2xk6budmsnlhpi3ooeqmivfsoiy	2022-bijeljina-investigation-novi-sad-proofmode/840b43715029bdb097756dcb48e91d9fd464ecf5878e5b15e9bf7cb31d970524.encrypted
baga6ea4seaqfhl32tiwydchf45m5vjxlfszk2xk6budmsnlhpi3ooeqmivfsoiy	2022-bijeljina-investigation-novi-sad-proofmode/d48b11822f048e73500892acab700941b8a219a28948291c2e962bbb1e8d0fe9.encrypted
baga6ea4seaqfhl32tiwydchf45m5vjxlfszk2xk6budmsnlhpi3ooeqmivfsoiy	2022-bijeljina-investigation-icty-document-png/23582d867b52465756be395d49d91ed2ab24973c28decb76376b3bb87403c788.encrypted
baga6ea4seaqfhl32tiwydchf45m5vjxlfszk2xk6budmsnlhpi3ooeqmivfsoiy	2022-bijeljina-investigation-captions/0d21f01b131193400836c8aac16d6963d9628bc88b95075aae35451a89789201.encrypted
baga6ea4seaqfhl32tiwydchf45m5vjxlfszk2xk6budmsnlhpi3ooeqmivfsoiy	2022-bijeljina-investigation-screenshots/29bee24e418139f288977364989ecd4da9489ea93a77292d8be3f4f44c39e711.encrypted
baga6ea4seaqfhl32tiwydchf45m5vjxlfszk2xk6budmsnlhpi3ooeqmivfsoiy	2022-bijeljina-investigation-captions/e61a8c47932b89ad82e9f53fcf569296644d4e509bae715320bfcf7cbddc5039.encrypted
baga6ea4seaqfhl32tiwydchf45m5vjxlfszk2xk6budmsnlhpi3ooeqmivfsoiy	2022-bijeljina-investigation-captions/6c75c5ac6d22833f52bfa72e07fe5d7d1e7c039f11ed1726a3833c75370a2f20.encrypted
baga6ea4seaqfhl32tiwydchf45m5vjxlfszk2xk6budmsnlhpi3ooeqmivfsoiy	2022-bijeljina-investigation-screenshots/991dfd75acd0df1ca0c00ab3cae86217f98ffa445eecb09af552faa48cad2b85.encrypted
baga6ea4seaqfhl32tiwydchf45m5vjxlfszk2xk6budmsnlhpi3ooeqmivfsoiy	2022-bijeljina-investigation-captions/ecb40f03cdea9341197ee86793fdc3ca01468b10af67884ecb7a1e4a8e722ceb.encrypted
baga6ea4seaqfhl32tiwydchf45m5vjxlfszk2xk6budmsnlhpi3ooeqmivfsoiy	2022-bijeljina-investigation-captions/c0ebf23802f92bbcea8542448e156eb35e063dc7793a2da32b05eb218a2baa4a.encrypted
baga6ea4seaqfhl32tiwydchf45m5vjxlfszk2xk6budmsnlhpi3ooeqmivfsoiy	2022-bijeljina-investigation-wire-photos/c6c8412a6941cb9880b144015c69efbf204dc43d6f9bbfe428154aabf84bab5e.encrypted
baga6ea4seaqfhl32tiwydchf45m5vjxlfszk2xk6budmsnlhpi3ooeqmivfsoiy	2022-bijeljina-investigation-icty-document-png/8a19f44de40060f3dfcbe98e641b4aebe8eb22876d61725c512a3e9559cf621f.encrypted
baga6ea4seaqfhl32tiwydchf45m5vjxlfszk2xk6budmsnlhpi3ooeqmivfsoiy	2022-bijeljina-investigation-captions/252ceb0715d8046296dd9dc957f54ffbc02287cf92db2d9bd37c31626ca3d8b7.encrypted
baga6ea4seaqfhl32tiwydchf45m5vjxlfszk2xk6budmsnlhpi3ooeqmivfsoiy	2022-bijeljina-investigation-haviv-private-archive/ccaa7852ab7c6acaba37bb04b152f58207029de00eae2d4b01f84810c83dddaf.encrypted
baga6ea4seaqfhl32tiwydchf45m5vjxlfszk2xk6budmsnlhpi3ooeqmivfsoiy	2022-bijeljina-investigation-screenshots/c45c048cd13e1b930dfca6ed904846bc624749da6f96d80c6308535dcdcd0220.encrypted
baga6ea4seaqfhl32tiwydchf45m5vjxlfszk2xk6budmsnlhpi3ooeqmivfsoiy	2022-bijeljina-investigation-captions/d53516a0af71b0895702c50ba654bd075e81c13bd00008b3652985b135fa75c0.encrypted
baga6ea4seaqfhl32tiwydchf45m5vjxlfszk2xk6budmsnlhpi3ooeqmivfsoiy	2022-bijeljina-investigation-captions/ac00f6af908b702bc62965b5756072910b8a7cd3d59e237a210a6850bf97991c.encrypted
baga6ea4seaqfhl32tiwydchf45m5vjxlfszk2xk6budmsnlhpi3ooeqmivfsoiy	2022-bijeljina-investigation-icty-document-png/3170cf3d7e9850771cff1dd05e71c5a973d11336a4786e57783680ff5c2e9d27.encrypted
baga6ea4seaqfhl32tiwydchf45m5vjxlfszk2xk6budmsnlhpi3ooeqmivfsoiy	2022-bijeljina-investigation-screenshots/d934d6c3add0dfc29de92821cb80f446787b558fd387db083ff608de85fc1e44.encrypted
baga6ea4seaqfhl32tiwydchf45m5vjxlfszk2xk6budmsnlhpi3ooeqmivfsoiy	2022-bijeljina-investigation-captions/66bd05e5bc98e13b8d4404a4c6940b046d3c8be511cd217fa23e24623200bba4.encrypted
baga6ea4seaqfhl32tiwydchf45m5vjxlfszk2xk6budmsnlhpi3ooeqmivfsoiy	2022-bijeljina-investigation-captions/71d79872ccfda5afbab25f22e341dfa544118d549c37b26a736681078345cd2e.encrypted
baga6ea4seaqfhl32tiwydchf45m5vjxlfszk2xk6budmsnlhpi3ooeqmivfsoiy	2022-bijeljina-investigation-haviv-private-archive/127ca564a815e9d8efec395ee94aebe7e18ed5ac0b31f2f597ac98b29696cd9b.encrypted
baga6ea4seaqfhl32tiwydchf45m5vjxlfszk2xk6budmsnlhpi3ooeqmivfsoiy	2022-bijeljina-investigation-screenshots/4267a74e46c89eb9333c6e58567e4274398d53faab3e9253b6c959e86fc7c477.encrypted
baga6ea4seaqfhl32tiwydchf45m5vjxlfszk2xk6budmsnlhpi3ooeqmivfsoiy	2022-bijeljina-investigation-icty-document-png/7946a835ab2c569d1fb52a4b230bbfdeb0cd60a1e45f543087b469876095c7c0.encrypted
baga6ea4seaqfhl32tiwydchf45m5vjxlfszk2xk6budmsnlhpi3ooeqmivfsoiy	2022-bijeljina-investigation-screenshots/63a005027e408349c78f0d4a6d365912c907369c333f1383059d30c07890eb77.encrypted
baga6ea4seaqfhl32tiwydchf45m5vjxlfszk2xk6budmsnlhpi3ooeqmivfsoiy	2022-bijeljina-investigation-icty-document-png/6892ccd2b2d8e0ff903abd4b473cbf5ac929ddec64d04f84f4b7fce748c558ad.encrypted
baga6ea4seaqfhl32tiwydchf45m5vjxlfszk2xk6budmsnlhpi3ooeqmivfsoiy	2022-bijeljina-investigation-captions/6736ca87638354b1b32dc367c7610d3e72a79a8d4f6325a8934d882c39a859db.encrypted
baga6ea4seaqfhl32tiwydchf45m5vjxlfszk2xk6budmsnlhpi3ooeqmivfsoiy	2022-bijeljina-investigation-captions/8e631f9b52491d21517d81435cccf6769d5216436ef85daf88015b18da9430f9.encrypted
baga6ea4seaqfhl32tiwydchf45m5vjxlfszk2xk6budmsnlhpi3ooeqmivfsoiy	2022-bijeljina-investigation-captions/6487856779d9f6fa63c6992b722f5a0457592b43d49d3348fb39fcce6430b8c6.encrypted
baga6ea4seaqfhl32tiwydchf45m5vjxlfszk2xk6budmsnlhpi3ooeqmivfsoiy	2022-bijeljina-investigation-captions/bc82d4aa783add4d62163263ce94a3a235049862084a4ba340acc1c0bfc44be1.encrypted
baga6ea4seaqfhl32tiwydchf45m5vjxlfszk2xk6budmsnlhpi3ooeqmivfsoiy	2022-bijeljina-investigation-captions/c46c6e3d98ea3a7fe633219fafaea95e4d0d17fac714df8f813c6a216b7ee08c.encrypted
baga6ea4seaqfhl32tiwydchf45m5vjxlfszk2xk6budmsnlhpi3ooeqmivfsoiy	2022-bijeljina-investigation-captions/044b9361e1b6dc80a72d9b8a5ef7a689e324522f95da737ecdca7d782ebaaf35.encrypted
baga6ea4seaqfhl32tiwydchf45m5vjxlfszk2xk6budmsnlhpi3ooeqmivfsoiy	2022-bijeljina-investigation-captions/8b24747d6570c64e1cc12ee35a25f519cec020b1c196b49d47b7f313515420f6.encrypted
baga6ea4seaqfhl32tiwydchf45m5vjxlfszk2xk6budmsnlhpi3ooeqmivfsoiy	2022-bijeljina-investigation-captions/d99922963e6099f60008e4e587fb25d9135ca3d527ef0d55ac9bbc458af43894.encrypted
baga6ea4seaqfhl32tiwydchf45m5vjxlfszk2xk6budmsnlhpi3ooeqmivfsoiy	2022-bijeljina-investigation-screenshots/bbfdce3fcd529d27da5a0e2524bc65173766dc150679a45a11c6e052eb47731b.encrypted
baga6ea4seaqfhl32tiwydchf45m5vjxlfszk2xk6budmsnlhpi3ooeqmivfsoiy	2022-bijeljina-investigation-captions/abcc3b185ba3af061cdf9a40a9cce887a6dbf2c415c0de3cc0c1e0bb1547aa79.encrypted
baga6ea4seaqfhl32tiwydchf45m5vjxlfszk2xk6budmsnlhpi3ooeqmivfsoiy	2022-bijeljina-investigation-icty-document-png/96d96dcf4600c662dc3c8a1031a2ed4b951970819499c9c0815a9f192f70fe8d.encrypted
baga6ea4seaqfhl32tiwydchf45m5vjxlfszk2xk6budmsnlhpi3ooeqmivfsoiy	2022-bijeljina-investigation-screenshots/682b64b86463b62b84020524c543c60d722c75708e0e0b82241f0fb34a68960d.encrypted
baga6ea4seaqfhl32tiwydchf45m5vjxlfszk2xk6budmsnlhpi3ooeqmivfsoiy	2022-bijeljina-investigation-screenshots/83a2cd4cff65454ebf6152193833d3dd6a1b34ba8676b8d30eb03000a3658fc5.encrypted
baga6ea4seaqfhl32tiwydchf45m5vjxlfszk2xk6budmsnlhpi3ooeqmivfsoiy	2022-bijeljina-investigation-icty-document-png/37aed96cd5bc3e239f15254dadd304eca1e584ff020cb110e8f868a2676025f9.encrypted
baga6ea4seaqfhl32tiwydchf45m5vjxlfszk2xk6budmsnlhpi3ooeqmivfsoiy	2022-bijeljina-investigation-icty-document-png/0bf13f6289acc084e181e41f5d22dd7c237864abf32cee75435ef99791873cad.encrypted
baga6ea4seaqfhl32tiwydchf45m5vjxlfszk2xk6budmsnlhpi3ooeqmivfsoiy	2022-bijeljina-investigation-captions/9b50adac1c1cb1e8c90e4ce0ac78ac12c730f1bc59ec4a458b43e8a239ec7259.encrypted
baga6ea4seaqfhl32tiwydchf45m5vjxlfszk2xk6budmsnlhpi3ooeqmivfsoiy	2022-bijeljina-investigation-icty-document-png/0ac6b4dd559fabf6efc9be9ad10e7226bf1fe24504fd7e7c652d2238db8f82cd.encrypted
baga6ea4seaqfhl32tiwydchf45m5vjxlfszk2xk6budmsnlhpi3ooeqmivfsoiy	2022-bijeljina-investigation-icty-document-png/1207328e239a2e263216ee541dba87ad8dbb5cb3f96d138a495bafc282b4b179.encrypted
baga6ea4seaqfhl32tiwydchf45m5vjxlfszk2xk6budmsnlhpi3ooeqmivfsoiy	2022-bijeljina-investigation-starling-photos/17346028abb40f033eb7bfcb039e121580338c05ed1227993b63c2dd071e14a5.encrypted
baga6ea4seaqfhl32tiwydchf45m5vjxlfszk2xk6budmsnlhpi3ooeqmivfsoiy	2022-bijeljina-investigation-captions/39a7774e3daa7e2cdd0f9b3bda278fd3c3ec395752550b5ae7ca52785d64b2dc.encrypted
baga6ea4seaqfhl32tiwydchf45m5vjxlfszk2xk6budmsnlhpi3ooeqmivfsoiy	2022-bijeljina-investigation-captions/060622ab4d7a12b6eab6466f7579224ae3361b1a4ec9ccee018a72cb6a580cd0.encrypted
baga6ea4seaqfhl32tiwydchf45m5vjxlfszk2xk6budmsnlhpi3ooeqmivfsoiy	2022-bijeljina-investigation-captions/bd7ef3f0b3d78821a0617c1a033b308c20cb01737eae1edf42f45f8a712b8c39.encrypted
baga6ea4seaqfhl32tiwydchf45m5vjxlfszk2xk6budmsnlhpi3ooeqmivfsoiy	2022-bijeljina-investigation-captions/29cecd0bfe58b86161e4129777d5371d7913a6db2675a2a22571043d496d2266.encrypted
baga6ea4seaqfhl32tiwydchf45m5vjxlfszk2xk6budmsnlhpi3ooeqmivfsoiy	2022-bijeljina-investigation-captions/98c2ede008f747a017a3ddf31bcc57fdb6e3d0ac801c58ba857334ea3d4bb74b.encrypted
baga6ea4seaqfhl32tiwydchf45m5vjxlfszk2xk6budmsnlhpi3ooeqmivfsoiy	2022-bijeljina-investigation-captions/77c692b46dc472f76129bca9f7366829a913ec9b3c4fb12c8176299471431ecb.encrypted
baga6ea4seaqfhl32tiwydchf45m5vjxlfszk2xk6budmsnlhpi3ooeqmivfsoiy	2022-bijeljina-investigation-screenshots/90b85d39f933a5ce2ecb70f82f8f2bb7982c0f5cea56a767550049ddfa61adaf.encrypted
baga6ea4seaqfhl32tiwydchf45m5vjxlfszk2xk6budmsnlhpi3ooeqmivfsoiy	2022-bijeljina-investigation-starling-photos/4e9ea93f2a0ea9cc0fd5b17f4bf955b65502b48c17bebc2176dfdea33292b0cf.encrypted
baga6ea4seaqfhl32tiwydchf45m5vjxlfszk2xk6budmsnlhpi3ooeqmivfsoiy	2022-bijeljina-investigation-captions/a787c2bd5f1ba69e0a1a230461d612eea024989c1e059a31bb0af0c196e393a7.encrypted
baga6ea4seaqfhl32tiwydchf45m5vjxlfszk2xk6budmsnlhpi3ooeqmivfsoiy	2022-bijeljina-investigation-icty-document-png/2cff37c9ab71f952a4622064eab6f4710020b0a7938c05429691beff1f6fefa1.encrypted
baga6ea4seaqfhl32tiwydchf45m5vjxlfszk2xk6budmsnlhpi3ooeqmivfsoiy	2022-bijeljina-investigation-icty-document-png/52f921d4d6ba0b2636c1b2496d9f751cc08bda13ec689c5b33a805998acac882.encrypted
baga6ea4seaqfhl32tiwydchf45m5vjxlfszk2xk6budmsnlhpi3ooeqmivfsoiy	2022-bijeljina-investigation-captions/25b104728bead9b4dfb095045e2d7e2a8755150b718ce14a31b91cf6d908c732.encrypted
baga6ea4seaqfhl32tiwydchf45m5vjxlfszk2xk6budmsnlhpi3ooeqmivfsoiy	2022-bijeljina-investigation-screenshots/2ab65b5ea0e9dcc55b4a0d0a5e8fb6210441f16cfdd8001b0f958f4f28a2d1bf.encrypted
baga6ea4seaqfhl32tiwydchf45m5vjxlfszk2xk6budmsnlhpi3ooeqmivfsoiy	2022-bijeljina-investigation-captions/9a1fbe69ba7c0885671053c0f19643f97069f428b2a29707e94317d5c1bad713.encrypted
baga6ea4seaqfhl32tiwydchf45m5vjxlfszk2xk6budmsnlhpi3ooeqmivfsoiy	2022-bijeljina-investigation-icty-document-png/8dedc367cae9e1dd63b9bfed044e07a552dfb56c88f7a98dd144ad981b8b448d.encrypted
baga6ea4seaqfhl32tiwydchf45m5vjxlfszk2xk6budmsnlhpi3ooeqmivfsoiy	2022-bijeljina-investigation-captions/200da772657634df5e17e221f567972748afc30166b19571594053383e05163b.encrypted
baga6ea4seaqfhl32tiwydchf45m5vjxlfszk2xk6budmsnlhpi3ooeqmivfsoiy	2022-bijeljina-investigation-novi-sad-proofmode/cc25754d20c63c6279dc372fa69fe17e5e94786109bf754e1de7ac1e4749791e.encrypted
baga6ea4seaqfhl32tiwydchf45m5vjxlfszk2xk6budmsnlhpi3ooeqmivfsoiy	2022-bijeljina-investigation-novi-sad-proofmode/a3607eef21d6a895c1f1d1c06e0ed95b6d11eaec5c3f8850667aec4239af593a.encrypted
baga6ea4seaqfhl32tiwydchf45m5vjxlfszk2xk6budmsnlhpi3ooeqmivfsoiy	2022-bijeljina-investigation-screenshots/bf420515ca015ece0f5bbc32727ed99ac926ee1a880818639def783dd1f0e98c.encrypted
baga6ea4seaqfhl32tiwydchf45m5vjxlfszk2xk6budmsnlhpi3ooeqmivfsoiy	2022-bijeljina-investigation-captions/33afde9aca2dc10d9531a7bd8789a296e469c59a837f7f79b6d9dd7814a299db.encrypted
baga6ea4seaqfhl32tiwydchf45m5vjxlfszk2xk6budmsnlhpi3ooeqmivfsoiy	2022-bijeljina-investigation-captions/9dc5238b71a00d0fe0e74ff3c78de3cd374cb97d9a886d6fb4dd1cb09479cf43.encrypted
baga6ea4seaqfhl32tiwydchf45m5vjxlfszk2xk6budmsnlhpi3ooeqmivfsoiy	2022-bijeljina-investigation-captions/ad4c7545572121f4317281542b5adc306017b534d991d170d63f22318b511a56.encrypted
baga6ea4seaqfhl32tiwydchf45m5vjxlfszk2xk6budmsnlhpi3ooeqmivfsoiy	2022-bijeljina-investigation-captions/ad0686b44973b684e8116a529e80e33df109a4b40dc0034d7979e5d85e1fc871.encrypted
baga6ea4seaqfhl32tiwydchf45m5vjxlfszk2xk6budmsnlhpi3ooeqmivfsoiy	2022-bijeljina-investigation-icty-document-png/7529e9376cf32d68c52b6a5f3dd3d5cb1a2560a8bdd61bf7dc4b8175eccef84e.encrypted
baga6ea4seaqfhl32tiwydchf45m5vjxlfszk2xk6budmsnlhpi3ooeqmivfsoiy	2022-bijeljina-investigation-novi-sad-proofmode/c12b547b7eccc3c94bdf89dbc67784047db621066102d2043652ebe887706377.encrypted
baga6ea4seaqfhl32tiwydchf45m5vjxlfszk2xk6budmsnlhpi3ooeqmivfsoiy	2022-bijeljina-investigation-icty-document-png/56a235f33be15dc04c0421a164d29d68066103d19f710e11bade78bed0b07ac0.encrypted
baga6ea4seaqfhl32tiwydchf45m5vjxlfszk2xk6budmsnlhpi3ooeqmivfsoiy	2022-bijeljina-investigation-icty-document-png/5d2c104765d13b546127bd760bfad557f2c41dcbc9e3937705bc223b0df4977f.encrypted
baga6ea4seaqfhl32tiwydchf45m5vjxlfszk2xk6budmsnlhpi3ooeqmivfsoiy	2022-bijeljina-investigation-screenshots/c012f395e24808dba22d56a7d1eb757809f198d91fd742279971cf4b807e9207.encrypted
baga6ea4seaqfhl32tiwydchf45m5vjxlfszk2xk6budmsnlhpi3ooeqmivfsoiy	2022-bijeljina-investigation-captions/f7ec3d2f557de5cd09aeaac4ac2efd0afcfde6f73644e761dc4cf095a5caf351.encrypted
baga6ea4seaqfhl32tiwydchf45m5vjxlfszk2xk6budmsnlhpi3ooeqmivfsoiy	2022-bijeljina-investigation-novi-sad-proofmode/16e781f9d3a3b7753aa3c953cccf67216ffca9f9685de39f5530c8b862b18f1d.encrypted
baga6ea4seaqfhl32tiwydchf45m5vjxlfszk2xk6budmsnlhpi3ooeqmivfsoiy	2022-bijeljina-investigation-screenshots/5e28db59eb51896f5e173f66cfc37553f73e74731dc3dbcb1827743a0b8c718a.encrypted
baga6ea4seaqfhl32tiwydchf45m5vjxlfszk2xk6budmsnlhpi3ooeqmivfsoiy	2022-bijeljina-investigation-screenshots/a2b326992e92bdef03b429fc6ac641fd604257e610a3551e4e6d493867a15d79.encrypted
baga6ea4seaqfhl32tiwydchf45m5vjxlfszk2xk6budmsnlhpi3ooeqmivfsoiy	2022-bijeljina-investigation-screenshots/5e919dbde2cfedfd804fd57ff330d3b27943030677207b8829fedc15d6c820a2.encrypted
baga6ea4seaqfhl32tiwydchf45m5vjxlfszk2xk6budmsnlhpi3ooeqmivfsoiy	2022-bijeljina-investigation-screenshots/67ad84dc0764deb37657712e336fc015c02987c0a3cbea96ea880860de81bc73.encrypted
baga6ea4seaqfhl32tiwydchf45m5vjxlfszk2xk6budmsnlhpi3ooeqmivfsoiy	2022-bijeljina-investigation-icty-document-png/db8724fff66b6b7bc0c6a2e435844676ab0a3c682ce676286f581d63e2cffadb.encrypted
baga6ea4seaqfhl32tiwydchf45m5vjxlfszk2xk6budmsnlhpi3ooeqmivfsoiy	2022-bijeljina-investigation-novi-sad-proofmode/c21c2eb2b2fecf6c9968adda8ae4a7fdc9d37abd6699917b52a3ec53514b5768.encrypted
baga6ea4seaqfhl32tiwydchf45m5vjxlfszk2xk6budmsnlhpi3ooeqmivfsoiy	2022-bijeljina-investigation-icty-document-png/b5de1a9f226b8d5b7d51d814438fc65c1d644094e00babaad704f8f06232ff98.encrypted
baga6ea4seaqfhl32tiwydchf45m5vjxlfszk2xk6budmsnlhpi3ooeqmivfsoiy	2022-bijeljina-investigation-captions/8ba87bce248568ad29d374067e4491bc8c45540501849d778b2cf471b3bfa0eb.encrypted
baga6ea4seaqfhl32tiwydchf45m5vjxlfszk2xk6budmsnlhpi3ooeqmivfsoiy	2022-bijeljina-investigation-captions/39b108bfe028bfc9d499e81c2c0c54025250523702287fefeb70cb2055133e03.encrypted
baga6ea4seaqfhl32tiwydchf45m5vjxlfszk2xk6budmsnlhpi3ooeqmivfsoiy	2022-bijeljina-investigation-starling-photos/2241c43ba3571df7a8d95da9c5bc30fb0fae54648681fc269d6633c24713e610.encrypted
baga6ea4seaqfhl32tiwydchf45m5vjxlfszk2xk6budmsnlhpi3ooeqmivfsoiy	2022-bijeljina-investigation-haviv-private-archive/a038271907cd1d6bccd42ad35f0808f2fb45ed3513e174bd776ef364482d56e0.encrypted
baga6ea4seaqfhl32tiwydchf45m5vjxlfszk2xk6budmsnlhpi3ooeqmivfsoiy	2022-bijeljina-investigation-screenshots/51e92c1a04fbee98c31b77595891e33cc9f6651128463839765153b1b86eab4a.encrypted
baga6ea4seaqfhl32tiwydchf45m5vjxlfszk2xk6budmsnlhpi3ooeqmivfsoiy	2022-bijeljina-investigation-captions/c989064e582ad3f55c27c48e43c3ef1b4b08e1e2b636e84c1ad5eefe21a8e8f1.encrypted
baga6ea4seaqfhl32tiwydchf45m5vjxlfszk2xk6budmsnlhpi3ooeqmivfsoiy	2022-bijeljina-investigation-icty-document-png/78f3936bc759da08f0183d501c0046cfb2a503eb2a56a0dfd35777511f2d796e.encrypted
baga6ea4seaqfhl32tiwydchf45m5vjxlfszk2xk6budmsnlhpi3ooeqmivfsoiy	2022-bijeljina-investigation-icty-document-png/cb51eb1b6110e40285142657d4c31da730addabc62320ab431ae0ad05cf76d89.encrypted
baga6ea4seaqfhl32tiwydchf45m5vjxlfszk2xk6budmsnlhpi3ooeqmivfsoiy	2022-bijeljina-investigation-haviv-private-archive/e950d1b7a12e4a1f6ff714fd0426c800146b2c227b2061fb1c0cd6540a695a52.encrypted
baga6ea4seaqfhl32tiwydchf45m5vjxlfszk2xk6budmsnlhpi3ooeqmivfsoiy	2022-bijeljina-investigation-captions/dd1e4cf8535a7cb6b0294b7495bce9ed41d41cafa98b3e854b2b316f2892a569.encrypted
baga6ea4seaqfhl32tiwydchf45m5vjxlfszk2xk6budmsnlhpi3ooeqmivfsoiy	2022-bijeljina-investigation-screenshots/3f6caa96a6fb2fb0aa6d839df0953f358c3a3d83c848ed87433b7a7b11c7d08f.encrypted
baga6ea4seaqfhl32tiwydchf45m5vjxlfszk2xk6budmsnlhpi3ooeqmivfsoiy	2022-bijeljina-investigation-captions/9ee5b2af90aabcc03c6e95d79f936643b8d9662ac4ea614f704d7310fdc981f3.encrypted
baga6ea4seaqfhl32tiwydchf45m5vjxlfszk2xk6budmsnlhpi3ooeqmivfsoiy	2022-bijeljina-investigation-captions/12bfec8612a2e4743b34aeaaf177d2ab73875230753a847c9f7eebb23b8d883b.encrypted
baga6ea4seaqfhl32tiwydchf45m5vjxlfszk2xk6budmsnlhpi3ooeqmivfsoiy	2022-bijeljina-investigation-captions/738293b100559fd16a3d44916d081d9c3d5aaeac17febad18d9903b7c01a5780.encrypted
baga6ea4seaqfhl32tiwydchf45m5vjxlfszk2xk6budmsnlhpi3ooeqmivfsoiy	2022-bijeljina-investigation-captions/efc87808a71492d9bfddf052250f4e10ae28639d6ca709767e0cff4d02f59389.encrypted
baga6ea4seaqfhl32tiwydchf45m5vjxlfszk2xk6budmsnlhpi3ooeqmivfsoiy	2022-bijeljina-investigation-screenshots/c3d9e80d89f8af6f36b5bc52c78f238e607819b6149bc9f1d223241985e32570.encrypted
baga6ea4seaqfhl32tiwydchf45m5vjxlfszk2xk6budmsnlhpi3ooeqmivfsoiy	2022-bijeljina-investigation-novi-sad-proofmode/72fc5fd68b80855dfa1959cb0e17582a97c70982e2ad3f3371d68ba63ffc69aa.encrypted
baga6ea4seaqfhl32tiwydchf45m5vjxlfszk2xk6budmsnlhpi3ooeqmivfsoiy	2022-bijeljina-investigation-captions/4f2379620ebab1f76ea6e0834de02af966c5e93ae1be71be74eb16516260f3b2.encrypted
baga6ea4seaqfhl32tiwydchf45m5vjxlfszk2xk6budmsnlhpi3ooeqmivfsoiy	2022-bijeljina-investigation-captions/a63864828d37001289f5f800a766a3d413aaaca2304645e98cf87c373b531acd.encrypted
baga6ea4seaqfhl32tiwydchf45m5vjxlfszk2xk6budmsnlhpi3ooeqmivfsoiy	2022-bijeljina-investigation-icty-document-png/dfc2776d6910543c36bae35c47fa53adad5e4014423afc0b586caac60274595a.encrypted
baga6ea4seaqfhl32tiwydchf45m5vjxlfszk2xk6budmsnlhpi3ooeqmivfsoiy	2022-bijeljina-investigation-captions/a649553e14eed5a6d481b199d20915176f010b195b7cad9ded5e920d7ec3d08e.encrypted
baga6ea4seaqfhl32tiwydchf45m5vjxlfszk2xk6budmsnlhpi3ooeqmivfsoiy	2022-bijeljina-investigation-captions/8e7a76ccd59a7dad09a088597f8d7531829f4c61f60d732f1c56be08420995e5.encrypted
baga6ea4seaqfhl32tiwydchf45m5vjxlfszk2xk6budmsnlhpi3ooeqmivfsoiy	2022-bijeljina-investigation-captions/5c95fe9fa02ec0a0092171b077bf9bb6fddef9ccba19c10b7a5cf1785eaf6ce4.encrypted
baga6ea4seaqfhl32tiwydchf45m5vjxlfszk2xk6budmsnlhpi3ooeqmivfsoiy	2022-bijeljina-investigation-screenshots/d35058e69bb9a61fbeaedc930477bcb7021060eaa85bc2c9c154f1cf1e8b8224.encrypted
baga6ea4seaqfhl32tiwydchf45m5vjxlfszk2xk6budmsnlhpi3ooeqmivfsoiy	2022-bijeljina-investigation-captions/6550452cde64e0ac001fe800efb01f73ebcf18457b9f647a4783daec88652c4c.encrypted
baga6ea4seaqfhl32tiwydchf45m5vjxlfszk2xk6budmsnlhpi3ooeqmivfsoiy	2022-bijeljina-investigation-captions/d75bed97b403bc278e22c3b24958f28b9988b1051cea8a6b17347c10b95eb280.encrypted
baga6ea4seaqfhl32tiwydchf45m5vjxlfszk2xk6budmsnlhpi3ooeqmivfsoiy	2022-bijeljina-investigation-captions/e68561bf3561f6f8352c31890fd4f740693431c63e469677b7aaf05cee662fc7.encrypted
baga6ea4seaqfhl32tiwydchf45m5vjxlfszk2xk6budmsnlhpi3ooeqmivfsoiy	2022-bijeljina-investigation-screenshots/ad062e83956077ef8f3fc7af1781657dbfe5b5284c2222f1028a7c3b1787f80c.encrypted
baga6ea4seaqfhl32tiwydchf45m5vjxlfszk2xk6budmsnlhpi3ooeqmivfsoiy	2022-bijeljina-investigation-starling-photos/e30cb9e0b8c2b3534cc747ca479a457061e67e15177a1b1e6570fc343dc136db.encrypted
baga6ea4seaqfhl32tiwydchf45m5vjxlfszk2xk6budmsnlhpi3ooeqmivfsoiy	2022-bijeljina-investigation-icty-document-png/67ccc043d0d7bf06575c74cd0c9429546415a526d5623da1b4ac69a63f5258d6.encrypted
baga6ea4seaqfhl32tiwydchf45m5vjxlfszk2xk6budmsnlhpi3ooeqmivfsoiy	2022-bijeljina-investigation-captions/2ea6986c7620b1a15d89007ff448e97d90d54b7cc72d9d6415d89b02c6f4f1be.encrypted
baga6ea4seaqfhl32tiwydchf45m5vjxlfszk2xk6budmsnlhpi3ooeqmivfsoiy	2022-bijeljina-investigation-screenshots/abaa24807af36c267dfec300b03733dffaf6847a42b5a80b8da861324e29713e.encrypted
baga6ea4seaqfhl32tiwydchf45m5vjxlfszk2xk6budmsnlhpi3ooeqmivfsoiy	2022-bijeljina-investigation-screenshots/86044662de730146931921594e4ae22c84edb6131bbdb521cb0a3f70d67fcb50.encrypted
baga6ea4seaqfhl32tiwydchf45m5vjxlfszk2xk6budmsnlhpi3ooeqmivfsoiy	2022-bijeljina-investigation-captions/8ee42b6c1402b6e3e97463a6b26fa6a9af6aa4f42d6538eb05658479cd4c98df.encrypted
baga6ea4seaqfhl32tiwydchf45m5vjxlfszk2xk6budmsnlhpi3ooeqmivfsoiy	2022-bijeljina-investigation-screenshots/e654de1684b6917a78186283f10b612a2ef61c5ea1a68fc2517cbd2959bad0cc.encrypted
baga6ea4seaqfhl32tiwydchf45m5vjxlfszk2xk6budmsnlhpi3ooeqmivfsoiy	2022-bijeljina-investigation-starling-videos/d92069295ac1a5bbccfb87320935cf8adfc034e4bd90cd26dd457d04de43b7e0.encrypted
baga6ea4seaqfhl32tiwydchf45m5vjxlfszk2xk6budmsnlhpi3ooeqmivfsoiy	2022-bijeljina-investigation-icty-document-png/fcfb432d618d96c8149a07a7deb3e4fdd3cb56fcd98d47c84b3d14fbf12ab13e.encrypted
baga6ea4seaqfhl32tiwydchf45m5vjxlfszk2xk6budmsnlhpi3ooeqmivfsoiy	2022-bijeljina-investigation-captions/940ecf103b141e19b6bff3c792b02877c30acc3c0279687f55fa7dd6dced696f.encrypted
baga6ea4seaqfhl32tiwydchf45m5vjxlfszk2xk6budmsnlhpi3ooeqmivfsoiy	2022-bijeljina-investigation-captions/72779ef78a930eabd8ae5b7751f1022d95f43f1285f6af2d5e8530c882a9d157.encrypted
baga6ea4seaqfhl32tiwydchf45m5vjxlfszk2xk6budmsnlhpi3ooeqmivfsoiy	2022-bijeljina-investigation-icty-document-png/50060a57f79a86e10e70c7b172f32b090db614a6a8b1a6327e17dfb972f2ceb1.encrypted
baga6ea4seaqfhl32tiwydchf45m5vjxlfszk2xk6budmsnlhpi3ooeqmivfsoiy	2022-bijeljina-investigation-icty-document-png/9add37a3fca29d035b9b22271866b441433c621fc8a1510b6d8edb6ea52819cf.encrypted
baga6ea4seaqfhl32tiwydchf45m5vjxlfszk2xk6budmsnlhpi3ooeqmivfsoiy	2022-bijeljina-investigation-novi-sad-proofmode/e0621f9ba31925e8a955ea78a0d03e0d5f7680704ad80313ee8c201489006c54.encrypted
baga6ea4seaqfhl32tiwydchf45m5vjxlfszk2xk6budmsnlhpi3ooeqmivfsoiy	2022-bijeljina-investigation-captions/703345213fedb534cc07914d4a00cff675c58835265408287c01af90975ddc1c.encrypted
baga6ea4seaqfhl32tiwydchf45m5vjxlfszk2xk6budmsnlhpi3ooeqmivfsoiy	2022-bijeljina-investigation-captions/93fbb797fc295018c1cc45d29ebb3290c0f77af9586a2be4720246018dd9a479.encrypted
baga6ea4seaqfhl32tiwydchf45m5vjxlfszk2xk6budmsnlhpi3ooeqmivfsoiy	2022-bijeljina-investigation-novi-sad-proofmode/2e2dea815822a423e754ecbfbf77bbc3c156b26bef90e1f96d070a8d57d95ca7.encrypted
baga6ea4seaqfhl32tiwydchf45m5vjxlfszk2xk6budmsnlhpi3ooeqmivfsoiy	2022-bijeljina-investigation-captions/b6178b30bceb7c5636a2ad5a77011d410b39f1608fb5e23ba61b9198b8863f97.encrypted
baga6ea4seaqfhl32tiwydchf45m5vjxlfszk2xk6budmsnlhpi3ooeqmivfsoiy	2022-bijeljina-investigation-screenshots/bc13c11e0b5c4560453e878a96f2438543048880349b3eb9c68f97b3990b76f2.encrypted
baga6ea4seaqfhl32tiwydchf45m5vjxlfszk2xk6budmsnlhpi3ooeqmivfsoiy	2022-bijeljina-investigation-screenshots/5fea35bad4a0a788a23aa77e1ec6d30ba5ba923e0611e48846df384e645515e3.encrypted
baga6ea4seaqfhl32tiwydchf45m5vjxlfszk2xk6budmsnlhpi3ooeqmivfsoiy	2022-bijeljina-investigation-screenshots/94f79e9bbc9ef3f642cb367288e3fef33eb8e4a9cc443ec86294a22312a428d8.encrypted
baga6ea4seaqfhl32tiwydchf45m5vjxlfszk2xk6budmsnlhpi3ooeqmivfsoiy	2022-bijeljina-investigation-starling-videos/09dd9069b99f7f40ea57be60027f3e8089052bbeb8167ea1bc2666940216917d.encrypted
baga6ea4seaqfhl32tiwydchf45m5vjxlfszk2xk6budmsnlhpi3ooeqmivfsoiy	2022-bijeljina-investigation-screenshots/583fea5ba6a4b3be2eaecef76937d797d6b9e9a74add002c969563ba4033f024.encrypted
baga6ea4seaqfhl32tiwydchf45m5vjxlfszk2xk6budmsnlhpi3ooeqmivfsoiy	2022-bijeljina-investigation-captions/0991a4a38317c3d276c11c6206e4bb5efde9c3defbbfcf31328137ef418e11de.encrypted
baga6ea4seaqfhl32tiwydchf45m5vjxlfszk2xk6budmsnlhpi3ooeqmivfsoiy	2022-bijeljina-investigation-web-archive-browsertrix/682b1b6c38bf731ddd420d273d1d879508e0e7cd3bdc0292207f3929eea5b178.encrypted
baga6ea4seaqfhl32tiwydchf45m5vjxlfszk2xk6budmsnlhpi3ooeqmivfsoiy	2022-bijeljina-investigation-wire-photos/0a0531855f1d96201666074a7fa5469e0fd744df8c3d54a83d5600682fb37f50.encrypted
baga6ea4seaqfhl32tiwydchf45m5vjxlfszk2xk6budmsnlhpi3ooeqmivfsoiy	2022-bijeljina-investigation-captions/7ec0603d63ebfc2e99f47c79c3c9bc1f38143ec2ec1103eddc02a83b2912bf6d.encrypted
baga6ea4seaqfhl32tiwydchf45m5vjxlfszk2xk6budmsnlhpi3ooeqmivfsoiy	2022-bijeljina-investigation-icty-document-png/54397fb6370705266514b53a08c3eee579ac52c9c88c76d3516b4e1ed5983ab5.encrypted
baga6ea4seaqfhl32tiwydchf45m5vjxlfszk2xk6budmsnlhpi3ooeqmivfsoiy	2022-bijeljina-investigation-screenshots/d7810d0cf2ab2208b695d65226e40174b5b84739271df606323d9622c4133a97.encrypted
baga6ea4seaqfhl32tiwydchf45m5vjxlfszk2xk6budmsnlhpi3ooeqmivfsoiy	2022-bijeljina-investigation-captions/6c1bd492a28e14441fa5b2ade888accbfb6a6d2186f3656e46ebe1bd8cd5bfa0.encrypted
baga6ea4seaqfhl32tiwydchf45m5vjxlfszk2xk6budmsnlhpi3ooeqmivfsoiy	2022-bijeljina-investigation-screenshots/5aa8a3d03ecdcaf2df9e6521859bc38300b4da6a39f482be8cce39012c6c0f84.encrypted
baga6ea4seaqfhl32tiwydchf45m5vjxlfszk2xk6budmsnlhpi3ooeqmivfsoiy	2022-bijeljina-investigation-icty-document-png/b9fe9be53c083979de933520209eb7712283afe9c67297be9dabf9384fc6105a.encrypted
baga6ea4seaqfhl32tiwydchf45m5vjxlfszk2xk6budmsnlhpi3ooeqmivfsoiy	2022-bijeljina-investigation-icty-document-png/713c7579dbd5e28c3197131491e4ef471249304cfd0245c47997f75c011c1bdd.encrypted
baga6ea4seaqfhl32tiwydchf45m5vjxlfszk2xk6budmsnlhpi3ooeqmivfsoiy	2022-bijeljina-investigation-captions/09b6178797a3ba1c0cce6d0fcaa4bef1847e19ae3b5524e78452c165ce3a5741.encrypted
baga6ea4seaqfhl32tiwydchf45m5vjxlfszk2xk6budmsnlhpi3ooeqmivfsoiy	2022-bijeljina-investigation-captions/45fc6acc5b4927232d8858489ff0f41e7737b535d3ed7c243ca09a69c9cb1fda.encrypted
baga6ea4seaqfhl32tiwydchf45m5vjxlfszk2xk6budmsnlhpi3ooeqmivfsoiy	2022-bijeljina-investigation-captions/4f2802eaa0ee8fd7731431aa80921d5835e771d4c55c028db1e7e4580500fd5f.encrypted
baga6ea4seaqfhl32tiwydchf45m5vjxlfszk2xk6budmsnlhpi3ooeqmivfsoiy	2022-bijeljina-investigation-screenshots/b7c21c200afe9c50cab7e6bb77af2d3229144508c8c04674f170e7c5a8bc5edd.encrypted
baga6ea4seaqfhl32tiwydchf45m5vjxlfszk2xk6budmsnlhpi3ooeqmivfsoiy	2022-bijeljina-investigation-bts/d65f8ea88210bece63e4b48ccb0d14cd36d35b3496bdcd3816d3e52f1b0461f7.encrypted
baga6ea4seaqfhl32tiwydchf45m5vjxlfszk2xk6budmsnlhpi3ooeqmivfsoiy	2022-bijeljina-investigation-captions/8432445079cd1e1c1e3a0ba62c565e4524b97f2a5252d5eea42617f757f6884b.encrypted
baga6ea4seaqfhl32tiwydchf45m5vjxlfszk2xk6budmsnlhpi3ooeqmivfsoiy	2022-bijeljina-investigation-captions/fcf5c880bfb174d41973228419109a5f979740ebdf2160c023ca7962ac43f204.encrypted
baga6ea4seaqfhl32tiwydchf45m5vjxlfszk2xk6budmsnlhpi3ooeqmivfsoiy	2022-bijeljina-investigation-icty-document-png/0d7ff496607af958ab3d305e7b1a2c1c0991d4232918ad89ac59a7063870a39a.encrypted
baga6ea4seaqfhl32tiwydchf45m5vjxlfszk2xk6budmsnlhpi3ooeqmivfsoiy	2022-bijeljina-investigation-starling-videos/aa28de4e3e068799c8650def81dc3652d5aa2b9092d168d9f5ca16f4d2ae46e1.encrypted
baga6ea4seaqfhl32tiwydchf45m5vjxlfszk2xk6budmsnlhpi3ooeqmivfsoiy	2022-bijeljina-investigation-starling-videos/9ffbdba3a2065ec428e993a67f685de3ad81481989d621688628c4f462bb5397.encrypted
baga6ea4seaqfhl32tiwydchf45m5vjxlfszk2xk6budmsnlhpi3ooeqmivfsoiy	2022-bijeljina-investigation-captions/1c6a270ebcaf47f281b635ff6af1ef3d715bf22ef466fcdb680325824cb4d481.encrypted
baga6ea4seaqfhl32tiwydchf45m5vjxlfszk2xk6budmsnlhpi3ooeqmivfsoiy	2022-bijeljina-investigation-captions/e4c0b097ba716ade0f56a8ef9636d50cb997572aaffdac19787f6ba8f71224d3.encrypted
baga6ea4seaqfhl32tiwydchf45m5vjxlfszk2xk6budmsnlhpi3ooeqmivfsoiy	2022-bijeljina-investigation-icty-document-png/da2627beb733602a03869f41744a32d1dbefc717e2a5ee61467ecc64efae33f9.encrypted
baga6ea4seaqfhl32tiwydchf45m5vjxlfszk2xk6budmsnlhpi3ooeqmivfsoiy	2022-bijeljina-investigation-novi-sad-proofmode/a92f35ac50ceb658ed02bf9ac0dbb28beae5453b48278b5900a7adb545619e2d.encrypted
baga6ea4seaqfhl32tiwydchf45m5vjxlfszk2xk6budmsnlhpi3ooeqmivfsoiy	2022-bijeljina-investigation-novi-sad-proofmode/5073c49fb60b42df8a87be93193dc0eed4fea20bc02528b02e4d7d414ff7fab8.encrypted
baga6ea4seaqfhl32tiwydchf45m5vjxlfszk2xk6budmsnlhpi3ooeqmivfsoiy	2022-bijeljina-investigation-icty-document-png/c0676036243d06300ca2eda675f4ca3d7d161055973942b2f1b8fad8fa07e494.encrypted
baga6ea4seaqfhl32tiwydchf45m5vjxlfszk2xk6budmsnlhpi3ooeqmivfsoiy	2022-bijeljina-investigation-captions/3bee29ce5d149dd270ae0490a6d33a11f951ec3ff20fcbd68f067cbe594827ab.encrypted
baga6ea4seaqfhl32tiwydchf45m5vjxlfszk2xk6budmsnlhpi3ooeqmivfsoiy	2022-bijeljina-investigation-captions/9b39935f798d62ee6caf413b183500442ed46393babf320924abc0d15f105c3a.encrypted
baga6ea4seaqfhl32tiwydchf45m5vjxlfszk2xk6budmsnlhpi3ooeqmivfsoiy	2022-bijeljina-investigation-captions/04244de1672b613279df2a7275853f2da119fe7065392ceef8523ec0f4afda9e.encrypted
baga6ea4seaqfhl32tiwydchf45m5vjxlfszk2xk6budmsnlhpi3ooeqmivfsoiy	2022-bijeljina-investigation-captions/d2db3636c33d74145910dc8355d9136b98104a3f5b72d5a265bf06a00e0319d8.encrypted
baga6ea4seaqfhl32tiwydchf45m5vjxlfszk2xk6budmsnlhpi3ooeqmivfsoiy	2022-bijeljina-investigation-captions/6746399c7c3ede05a50fbb942ec1e8a972be64ae7a7828ca671ccf2fae8c756a.encrypted
baga6ea4seaqfhl32tiwydchf45m5vjxlfszk2xk6budmsnlhpi3ooeqmivfsoiy	2022-bijeljina-investigation-captions/ae94e5052a7cb935c674174c81a1fd63ffffd8e97ab8b66691ce37907926d619.encrypted
baga6ea4seaqfhl32tiwydchf45m5vjxlfszk2xk6budmsnlhpi3ooeqmivfsoiy	2022-bijeljina-investigation-screenshots/36aca86ba418f0a103c6ad9b6533e57f925e4a34c3dfb1bfb2d18026c7d84213.encrypted
baga6ea4seaqfhl32tiwydchf45m5vjxlfszk2xk6budmsnlhpi3ooeqmivfsoiy	2022-bijeljina-investigation-wire-photos/2ec5e092bf0eecb6e1e37fb36f54aa4c0a6e9a0c0c60f5fda5adf759907e9af6.encrypted
baga6ea4seaqfhl32tiwydchf45m5vjxlfszk2xk6budmsnlhpi3ooeqmivfsoiy	2022-bijeljina-investigation-screenshots/4a1ef1325dedbe6c886ce9ec8313f2829b9ecb38764b46a45a7b51f26906fed5.encrypted
baga6ea4seaqfhl32tiwydchf45m5vjxlfszk2xk6budmsnlhpi3ooeqmivfsoiy	2022-bijeljina-investigation-captions/10b40829fafc918e774fc31ae2e38f310c211f99552e1ce462d4c94f7808ea97.encrypted
baga6ea4seaqfhl32tiwydchf45m5vjxlfszk2xk6budmsnlhpi3ooeqmivfsoiy	2022-bijeljina-investigation-captions/6efdb46bc78c581203677ed6aec313f3e910a822b9b56e9bb56739e23c4e666a.encrypted
baga6ea4seaqfhl32tiwydchf45m5vjxlfszk2xk6budmsnlhpi3ooeqmivfsoiy	2022-bijeljina-investigation-captions/5add2862b1ee68a6e9a4c8b597b9f33b05140b0d564643ed624d2908b838a07a.encrypted
baga6ea4seaqfhl32tiwydchf45m5vjxlfszk2xk6budmsnlhpi3ooeqmivfsoiy	2022-bijeljina-investigation-screenshots/a44cd2af863040b484ff8467d612417ae1fea8bd7da25f28e02b994238997736.encrypted
baga6ea4seaqfhl32tiwydchf45m5vjxlfszk2xk6budmsnlhpi3ooeqmivfsoiy	2022-bijeljina-investigation-captions/fd5b309572036d7dde7e0f9265eb9a9190205513e559dc6044461deb81fdd556.encrypted
baga6ea4seaqfhl32tiwydchf45m5vjxlfszk2xk6budmsnlhpi3ooeqmivfsoiy	2022-bijeljina-investigation-icty-document-png/9116923c99d93f6eb80c5bcd6804ab0e5d9109da8037846b74c0ed09708ee0dc.encrypted
baga6ea4seaqfhl32tiwydchf45m5vjxlfszk2xk6budmsnlhpi3ooeqmivfsoiy	2022-bijeljina-investigation-captions/c390dc77328f73087875d8929c5fff792c02f9224e75999dff6e623535c0e5c9.encrypted
baga6ea4seaqfhl32tiwydchf45m5vjxlfszk2xk6budmsnlhpi3ooeqmivfsoiy	2022-bijeljina-investigation-screenshots/4bfb5b671c354e4fe45da7e8dea34b60918e621c03d5eadd2c992679a590cd1a.encrypted
baga6ea4seaqfhl32tiwydchf45m5vjxlfszk2xk6budmsnlhpi3ooeqmivfsoiy	2022-bijeljina-investigation-starling-photos/f4ddc4331857487ce2daadc9ba78cc48ebd14d4dc3f79f8af18c51cfa168b0a3.encrypted
baga6ea4seaqfhl32tiwydchf45m5vjxlfszk2xk6budmsnlhpi3ooeqmivfsoiy	2022-bijeljina-investigation-captions/6f67b03a2408b8810f5d6714e8036c1d845a034b34d8335c856bc789017300e0.encrypted
baga6ea4seaqfhl32tiwydchf45m5vjxlfszk2xk6budmsnlhpi3ooeqmivfsoiy	2022-bijeljina-investigation-captions/d267dc8c20b812fed4af6859a6843aa2cfde1af5a0656ee16aa9dab06086da7a.encrypted
baga6ea4seaqfhl32tiwydchf45m5vjxlfszk2xk6budmsnlhpi3ooeqmivfsoiy	2022-bijeljina-investigation-icty-document-png/0f57b418438fa9cc84dc1299fbf4beda344f5b56f87d961dfb3180534891aa01.encrypted
baga6ea4seaqfhl32tiwydchf45m5vjxlfszk2xk6budmsnlhpi3ooeqmivfsoiy	2022-bijeljina-investigation-icty-document-png/01652beb16ad6ee6cd46264822b23e47fb22a3faac89cd8cc1f87b610e95a792.encrypted
baga6ea4seaqfhl32tiwydchf45m5vjxlfszk2xk6budmsnlhpi3ooeqmivfsoiy	2022-bijeljina-investigation-icty-document-png/b6cf618fbeeb8e54bf199cbaf69dfce34215929c97bc4419572cb417defff0cc.encrypted
baga6ea4seaqfhl32tiwydchf45m5vjxlfszk2xk6budmsnlhpi3ooeqmivfsoiy	2022-bijeljina-investigation-icty-document-png/36ad6a81c6da09bd9b4f8dc25af9558fa62cb6ec166a8bd9c7a38f92e115884f.encrypted
baga6ea4seaqfhl32tiwydchf45m5vjxlfszk2xk6budmsnlhpi3ooeqmivfsoiy	2022-bijeljina-investigation-screenshots/c7f0e2c4882e030cc92d340bf10a1024c17e3872dd154d9324b5b4d1147e1234.encrypted
baga6ea4seaqfhl32tiwydchf45m5vjxlfszk2xk6budmsnlhpi3ooeqmivfsoiy	2022-bijeljina-investigation-icty-document-png/d0399c00ad06d741273e944270637b4f7c2564ebd1b67ebd944285b9924e741a.encrypted
baga6ea4seaqfhl32tiwydchf45m5vjxlfszk2xk6budmsnlhpi3ooeqmivfsoiy	2022-bijeljina-investigation-captions/95119ffa7a7f8274c1f1f37bf896d39f4880eaff52ed948fdaed2c43d1f90b3d.encrypted
baga6ea4seaqfhl32tiwydchf45m5vjxlfszk2xk6budmsnlhpi3ooeqmivfsoiy	2022-bijeljina-investigation-captions/eb7efd0834b8869163d9901207aad1dbb3225dbbe34798497d6595c6086e1633.encrypted
baga6ea4seaqfhl32tiwydchf45m5vjxlfszk2xk6budmsnlhpi3ooeqmivfsoiy	2022-bijeljina-investigation-captions/fc26966025a30deba7f6ffcebe2e2b40a543ad67bb97bdf7456db91a857fa55b.encrypted
baga6ea4seaqnnts5zk47oxigys5eyo3szuug3e4o3vpmiq22p2rwm2gxttn7gei	2022-bijeljina-investigation-novi-sad-media/ed3a365cff16de2c5e85f3a6416ab746cd7f4bd9da2a5788dd16fc92526bb0fb.encrypted
baga6ea4seaqnnts5zk47oxigys5eyo3szuug3e4o3vpmiq22p2rwm2gxttn7gei	2022-bijeljina-investigation-starling-videos/54d7d2cbb9727e9621f083e37c99b5e1895d989370677b068a73931db2777207.encrypted
baga6ea4seaqnnts5zk47oxigys5eyo3szuug3e4o3vpmiq22p2rwm2gxttn7gei	2022-bijeljina-investigation-web-archive-browsertrix/7c024efc7d667a4f0a16b25f9973b812c95b7c0232efc9fc7051d989149f0b02.encrypted
baga6ea4seaqnnts5zk47oxigys5eyo3szuug3e4o3vpmiq22p2rwm2gxttn7gei	2022-bijeljina-investigation-web-archive-local/40f3948a80cefb50b810598d0369913249c047d999f6e528dae02975cd9171c7.encrypted
baga6ea4seaqnnts5zk47oxigys5eyo3szuug3e4o3vpmiq22p2rwm2gxttn7gei	2022-bijeljina-investigation-web-archive-local/ffbb0a96433a1ba849bb24892f07e9d48fe4a2b27e239fe14e3e0b40477c851d.encrypted
baga6ea4seaqnnts5zk47oxigys5eyo3szuug3e4o3vpmiq22p2rwm2gxttn7gei	2022-bijeljina-investigation-starling-photos/5ce2519621b9fe644fc877ec4d87b2a0e0c02b65ac46dbd521f5e8dccec04641.encrypted
baga6ea4seaqnnts5zk47oxigys5eyo3szuug3e4o3vpmiq22p2rwm2gxttn7gei	2022-bijeljina-investigation-starling-videos/48810e8cb0250141d518c8ff5dd9def1c5cbd50dd712e72cad9083608e5f221c.encrypted
baga6ea4seaqnnts5zk47oxigys5eyo3szuug3e4o3vpmiq22p2rwm2gxttn7gei	2022-bijeljina-investigation-icty-document-png/f0d7a6b37bd75a653a84123a5d12a67d00460ed322aee7a4526b8944f914d497.encrypted
baga6ea4seaqpiffpyptzhgi4dqajreaptszblhncs33jbcanbkezodtrj6z2ena	2022-bijeljina-investigation-starling-photos/b56f10081c9466f713108e76a251891b3de370060685477370d2f97912c231f9.encrypted
baga6ea4seaqpiffpyptzhgi4dqajreaptszblhncs33jbcanbkezodtrj6z2ena	2022-bijeljina-investigation-starling-photos/ce2652ca533d7a0b960e4ace1d43fad85cefcba6b15f142a36b83c1e78a12c1a.encrypted
baga6ea4seaqpiffpyptzhgi4dqajreaptszblhncs33jbcanbkezodtrj6z2ena	2022-bijeljina-investigation-bts/8bbf45c71830dddf48be79912b2b835a35e916b813e856ea288e3a877c28b3c0.encrypted
baga6ea4seaqpiffpyptzhgi4dqajreaptszblhncs33jbcanbkezodtrj6z2ena	2022-bijeljina-investigation-starling-photos/2a295c9dc6114ab1258af0c70d7b606d83951ae12b90d1a7522b3005b2cf6ac1.encrypted
baga6ea4seaqpiffpyptzhgi4dqajreaptszblhncs33jbcanbkezodtrj6z2ena	2022-bijeljina-investigation-starling-photos/feddf8261c9f38e740d496cd606e08134f6337aa72394907172d408d95fe449c.encrypted
baga6ea4seaqpiffpyptzhgi4dqajreaptszblhncs33jbcanbkezodtrj6z2ena	2022-bijeljina-investigation-bts/562e0a459ad05525c67e1773452826966906a971657301f81f4c0b8f272e218f.encrypted
baga6ea4seaqpiffpyptzhgi4dqajreaptszblhncs33jbcanbkezodtrj6z2ena	2022-bijeljina-investigation-bts/d2bb383d0e70a5d6d98abd8486b96add43f796d16db04207fc19c44f0e359ca4.encrypted
baga6ea4seaqpiffpyptzhgi4dqajreaptszblhncs33jbcanbkezodtrj6z2ena	2022-bijeljina-investigation-starling-photos/ccf3a0cfae89943813f8b9efa120cb0a12c1ace1eddb938100958c6b521024ab.encrypted
baga6ea4seaqpiffpyptzhgi4dqajreaptszblhncs33jbcanbkezodtrj6z2ena	2022-bijeljina-investigation-starling-photos/e716ce3895f25e4cf5a1328924010ea2cbd65ebd0cfdffcd6b2d0e5b16828bf3.encrypted
baga6ea4seaqpiffpyptzhgi4dqajreaptszblhncs33jbcanbkezodtrj6z2ena	2022-bijeljina-investigation-haviv-scans/1b6ca46347eca1832c934fa04d83639706c873122cf51e649432d9df7455f129.encrypted
baga6ea4seaqpiffpyptzhgi4dqajreaptszblhncs33jbcanbkezodtrj6z2ena	2022-bijeljina-investigation-starling-videos/a965a9f28a4d57f1ea2a3e7c62665462129b9d2e5d5a9d35a1339c93467f1ce0.encrypted
baga6ea4seaqpiffpyptzhgi4dqajreaptszblhncs33jbcanbkezodtrj6z2ena	2022-bijeljina-investigation-bts/44bd1e813c6396169bd13debf22008ad06b0dd840b2b4cd91a9101804eac2abd.encrypted
baga6ea4seaqpiffpyptzhgi4dqajreaptszblhncs33jbcanbkezodtrj6z2ena	2022-bijeljina-investigation-starling-videos/54d7d2cbb9727e9621f083e37c99b5e1895d989370677b068a73931db2777207.encrypted
baga6ea4seaqpiffpyptzhgi4dqajreaptszblhncs33jbcanbkezodtrj6z2ena	2022-bijeljina-investigation-haviv-scans/1a5ad30929af0fc77e27aa8b62e2c48e266db44142a32d53654031457b0d79eb.encrypted
baga6ea4seaqpiffpyptzhgi4dqajreaptszblhncs33jbcanbkezodtrj6z2ena	2022-bijeljina-investigation-starling-photos/85859dff41dc2294b569969efb658226b262f11117b5a36937a82604516beb98.encrypted
baga6ea4seaqpiffpyptzhgi4dqajreaptszblhncs33jbcanbkezodtrj6z2ena	2022-bijeljina-investigation-starling-photos/4b69d388df6d1e065a1f79c779ed9a35c26f45c9d1ebb091722e5471287aa478.encrypted
baga6ea4seaqpiffpyptzhgi4dqajreaptszblhncs33jbcanbkezodtrj6z2ena	2022-bijeljina-investigation-starling-photos/6440af55f27ab4f027d2a66d4b9c8907a108f05d57a379fd2d1d2e01c03a162e.encrypted
baga6ea4seaqpiffpyptzhgi4dqajreaptszblhncs33jbcanbkezodtrj6z2ena	2022-bijeljina-investigation-starling-photos/9c5e8062c47412f5759aad4cf9e20af814e684470b9beacd250196a658876a67.encrypted
baga6ea4seaqpiffpyptzhgi4dqajreaptszblhncs33jbcanbkezodtrj6z2ena	2022-bijeljina-investigation-starling-photos/ceebb00835f6e0217cd1931600fbd129d9c0c687206414b8b5723c76374bc007.encrypted
baga6ea4seaqpiffpyptzhgi4dqajreaptszblhncs33jbcanbkezodtrj6z2ena	2022-bijeljina-investigation-starling-photos/f425a15bb01852d5a588ec5d80a5cfba59c0f3c41aca48381035eefb241c4dc1.encrypted
baga6ea4seaqpiffpyptzhgi4dqajreaptszblhncs33jbcanbkezodtrj6z2ena	2022-bijeljina-investigation-starling-photos/fc887d18eb7de51ec0500fbcc1da915a756b8fac3c3830ea00fcf696e94b987c.encrypted
baga6ea4seaqpiffpyptzhgi4dqajreaptszblhncs33jbcanbkezodtrj6z2ena	2022-bijeljina-investigation-starling-photos/286d5b27e1f173d610d4c06f54f40d73dbed51efc9d0ef356292049ec04b0c71.encrypted
baga6ea4seaqpiffpyptzhgi4dqajreaptszblhncs33jbcanbkezodtrj6z2ena	2022-bijeljina-investigation-starling-photos/cc8e158ca8db1032341f4de7099c8598a65847e02180b67c930bc6e7d8eefc55.encrypted
baga6ea4seaqpiffpyptzhgi4dqajreaptszblhncs33jbcanbkezodtrj6z2ena	2022-bijeljina-investigation-haviv-scans/66c1b0dffb37c313fd34c04d89a223ac86d0ad9b84707a5039cf46ab4694a360.encrypted
baga6ea4seaqpiffpyptzhgi4dqajreaptszblhncs33jbcanbkezodtrj6z2ena	2022-bijeljina-investigation-starling-photos/acabab49583c72b45a7f6e50297c1848187f83c67bcf5bb24ef8789f55eea284.encrypted
baga6ea4seaqpiffpyptzhgi4dqajreaptszblhncs33jbcanbkezodtrj6z2ena	2022-bijeljina-investigation-haviv-scans/d35995a4fc3c0ee945bbb64c3e28c57b1a53aa65b858e8d433e6e4ad388fce35.encrypted
baga6ea4seaqpiffpyptzhgi4dqajreaptszblhncs33jbcanbkezodtrj6z2ena	2022-bijeljina-investigation-starling-photos/ba5786d7fbc8ddd4af713bc22c0d6b2b8f051175bb43e0929188cc39f6710a87.encrypted
baga6ea4seaqpiffpyptzhgi4dqajreaptszblhncs33jbcanbkezodtrj6z2ena	2022-bijeljina-investigation-novi-sad-proofmode/c7e8d829d6db44ac9160a73498fb06bdf867a5300c91e5aac2ce2845611cc0df.encrypted
baga6ea4seaqpiffpyptzhgi4dqajreaptszblhncs33jbcanbkezodtrj6z2ena	2022-bijeljina-investigation-starling-photos/260338ff8aa1960439cc697ce3bde5ee4d7d7f16290553d6c1d6926a8eac62dd.encrypted
baga6ea4seaqpiffpyptzhgi4dqajreaptszblhncs33jbcanbkezodtrj6z2ena	2022-bijeljina-investigation-haviv-scans/15e7e4c0c111af13f6b5dc4ce7a5388ad88645368128fe4be681ec7f3b42f35c.encrypted
baga6ea4seaqpiffpyptzhgi4dqajreaptszblhncs33jbcanbkezodtrj6z2ena	2022-bijeljina-investigation-starling-photos/90a119f408f78665ec273c5cc64edbada845e24599f40ba4c5d61e5d52a253ed.encrypted
baga6ea4seaqpiffpyptzhgi4dqajreaptszblhncs33jbcanbkezodtrj6z2ena	2022-bijeljina-investigation-haviv-scans/77aa7b76362fc9cca2ba3aa4851e383bbe602ab8e1d1e192cec58d686a7210ad.encrypted
baga6ea4seaqpiffpyptzhgi4dqajreaptszblhncs33jbcanbkezodtrj6z2ena	2022-bijeljina-investigation-starling-photos/e4d6b3d2cf3e3b044b7c2cf96b462173b848a10599b8369763ff7c7dd5bdbf77.encrypted
baga6ea4seaqpiffpyptzhgi4dqajreaptszblhncs33jbcanbkezodtrj6z2ena	2022-bijeljina-investigation-web-archive-browsertrix/592d684c347e3df4f8faf1f725f3ab296f32a12193332f2c97b6ab1b66a7602f.encrypted
baga6ea4seaqpiffpyptzhgi4dqajreaptszblhncs33jbcanbkezodtrj6z2ena	2022-bijeljina-investigation-haviv-scans/cc718be0da74c2469950f8d99a015eb39b59ddc9d3e0bff654f5fce1b493237e.encrypted
baga6ea4seaqpiffpyptzhgi4dqajreaptszblhncs33jbcanbkezodtrj6z2ena	2022-bijeljina-investigation-bts/0437c0d2908a7773277b0163a8de2f0ea184b51cf3e8688187fab5b3ac3cf1c7.encrypted
baga6ea4seaqpiffpyptzhgi4dqajreaptszblhncs33jbcanbkezodtrj6z2ena	2022-bijeljina-investigation-haviv-scans/472c3be754ac9661227e07342ec1a3d1ccb97f7497de182c0216125027f44c3e.encrypted
baga6ea4seaqpiffpyptzhgi4dqajreaptszblhncs33jbcanbkezodtrj6z2ena	2022-bijeljina-investigation-starling-photos/3e8c66eb998f655d063b31ec0457ac8d2687089d509f86a3522b8d5ca6123a90.encrypted
baga6ea4seaqpiffpyptzhgi4dqajreaptszblhncs33jbcanbkezodtrj6z2ena	2022-bijeljina-investigation-starling-photos/78fc1e249b78836d9055c2d5aeaa3c46afab47b758303f4546593eb43d2d211e.encrypted
baga6ea4seaqpiffpyptzhgi4dqajreaptszblhncs33jbcanbkezodtrj6z2ena	2022-bijeljina-investigation-haviv-scans/81059fbb6628d938ea6be7b89430b97e18f5b4cb96f02d1ace04dbb684e10fab.encrypted
baga6ea4seaqpiffpyptzhgi4dqajreaptszblhncs33jbcanbkezodtrj6z2ena	2022-bijeljina-investigation-starling-photos/ea62dbc2f7848596be346fb2c726c83c49cbf88b2078c7b07527da3083a79fe3.encrypted
baga6ea4seaqpiffpyptzhgi4dqajreaptszblhncs33jbcanbkezodtrj6z2ena	2022-bijeljina-investigation-starling-photos/de86450edef6e4c98c420f8a4b1a4b691f85f64d1f20900ca396591e24b6c01f.encrypted
baga6ea4seaqpiffpyptzhgi4dqajreaptszblhncs33jbcanbkezodtrj6z2ena	2022-bijeljina-investigation-haviv-scans/7b6619d9bf880368de78c679b63d6bbf0727cfffd1c6185aeae956bb97325fef.encrypted
baga6ea4seaqpiffpyptzhgi4dqajreaptszblhncs33jbcanbkezodtrj6z2ena	2022-bijeljina-investigation-starling-photos/14be616f4d601a056876808b2295db9735a7e0a9c4090684a41cb34c2494455c.encrypted
baga6ea4seaqpiffpyptzhgi4dqajreaptszblhncs33jbcanbkezodtrj6z2ena	2022-bijeljina-investigation-starling-photos/c3953282d658ab14ad25e4f06d606cecf31c01cee88cea3de0c2aab51f81bb17.encrypted
baga6ea4seaqpiffpyptzhgi4dqajreaptszblhncs33jbcanbkezodtrj6z2ena	2022-bijeljina-investigation-starling-photos/e93cbe8cdb13bfdcb5aee56835bf01871b5bfb806ceb29f031f9adaaaad7ef27.encrypted
baga6ea4seaqpiffpyptzhgi4dqajreaptszblhncs33jbcanbkezodtrj6z2ena	2022-bijeljina-investigation-haviv-scans/eb6d5afb23d862b4f6932523d54c41e41d7179c8e501f03fea818b563e0e7270.encrypted
baga6ea4seaqpiffpyptzhgi4dqajreaptszblhncs33jbcanbkezodtrj6z2ena	2022-bijeljina-investigation-starling-photos/3126c69e7d9ebfb22544e0a88193c00bc41f89d013dfc23ca19a60edb81b6f6f.encrypted
baga6ea4seaqpiffpyptzhgi4dqajreaptszblhncs33jbcanbkezodtrj6z2ena	2022-bijeljina-investigation-bts/6ff83b9bea5cea5b2dd7f07c686c04d5db3ee0d8b8a56328c243041bb7a153d4.encrypted
baga6ea4seaqpiffpyptzhgi4dqajreaptszblhncs33jbcanbkezodtrj6z2ena	2022-bijeljina-investigation-bts/34447ce0047a3714b2f790cefe55a83f2290dccdbbfd05a3b8ed6ca557a1bd39.encrypted
baga6ea4seaqpiffpyptzhgi4dqajreaptszblhncs33jbcanbkezodtrj6z2ena	2022-bijeljina-investigation-web-archive-local/1b8a0268d1f3a20882f5913ce22478bfd5602c0ba86019a60aa7084dd80f9fc4.encrypted
baga6ea4seaqpiffpyptzhgi4dqajreaptszblhncs33jbcanbkezodtrj6z2ena	2022-bijeljina-investigation-haviv-scans/e5a407f9062feae03b1f02717a4484044a3c721f253b6b2e28caa9fdf5b58c09.encrypted
baga6ea4seaqpiffpyptzhgi4dqajreaptszblhncs33jbcanbkezodtrj6z2ena	2022-bijeljina-investigation-starling-photos/a318b2c7437bd7f8a6dade627235d0b6047cab06f82a8d699982849999957485.encrypted
baga6ea4seaqpiffpyptzhgi4dqajreaptszblhncs33jbcanbkezodtrj6z2ena	2022-bijeljina-investigation-haviv-scans/c259499af3700fa4bde2a278e88fa3829d395800b8c70b1c18aecd0cd2fc00ea.encrypted
baga6ea4seaqpiffpyptzhgi4dqajreaptszblhncs33jbcanbkezodtrj6z2ena	2022-bijeljina-investigation-starling-photos/2f50d34c25c1bc8186252b2c4bec22c9f8c877e693f70dc9c410c29ea1f1503e.encrypted
baga6ea4seaqpiffpyptzhgi4dqajreaptszblhncs33jbcanbkezodtrj6z2ena	2022-bijeljina-investigation-starling-photos/85f1b80211aa2fb9b57f848265b57c8b6ff8db708b180cfd50654d3d656b2a0b.encrypted
baga6ea4seaqpiffpyptzhgi4dqajreaptszblhncs33jbcanbkezodtrj6z2ena	2022-bijeljina-investigation-starling-photos/a64a4b83208847641f764a50d14094525398091ffda6248efa6abbed7199bba0.encrypted
baga6ea4seaqpiffpyptzhgi4dqajreaptszblhncs33jbcanbkezodtrj6z2ena	2022-bijeljina-investigation-starling-photos/d9c574aad006a70d148ce2e7b2c0e5cd311caa4ba2774edee321cd1ad63c3020.encrypted
baga6ea4seaqpiffpyptzhgi4dqajreaptszblhncs33jbcanbkezodtrj6z2ena	2022-bijeljina-investigation-web-archive-local/02cf87bd63d01b2c30eb6936b14eaa75565d51ba1b8472e7d9380fc7a0b4fbe3.encrypted
baga6ea4seaqpiffpyptzhgi4dqajreaptszblhncs33jbcanbkezodtrj6z2ena	2022-bijeljina-investigation-starling-photos/e407d176ea71c5bef40f2743c0d6bdb7946c2cc0ae24765b629ed2c0df0e95c0.encrypted
baga6ea4seaqpiffpyptzhgi4dqajreaptszblhncs33jbcanbkezodtrj6z2ena	2022-bijeljina-investigation-starling-photos/ba914ea5d6b484c353555cf6227a82578c4261a29ad53188c2e4da2ea6612de2.encrypted
baga6ea4seaqpiffpyptzhgi4dqajreaptszblhncs33jbcanbkezodtrj6z2ena	2022-bijeljina-investigation-web-archive-local/bfa46b38624c9ac718103efb30cfd7ad0329322884f1eacc713eedb6bfe69c56.encrypted
baga6ea4seaqpiffpyptzhgi4dqajreaptszblhncs33jbcanbkezodtrj6z2ena	2022-bijeljina-investigation-starling-photos/d84e9b76432dc9baac6fcea7d81763300374f16bbc71b6756685a459f16a6ae2.encrypted
baga6ea4seaqpiffpyptzhgi4dqajreaptszblhncs33jbcanbkezodtrj6z2ena	2022-bijeljina-investigation-starling-photos/b7311d070f2960370d54e9d0207fad4107fbc654d067c396f893a604dca57a50.encrypted
baga6ea4seaqpiffpyptzhgi4dqajreaptszblhncs33jbcanbkezodtrj6z2ena	2022-bijeljina-investigation-starling-photos/4a5457c1e09fd0afa9b3744d2cda9df6bafc5a45e5649c82d62106ce612cc0d8.encrypted
baga6ea4seaqpiffpyptzhgi4dqajreaptszblhncs33jbcanbkezodtrj6z2ena	2022-bijeljina-investigation-starling-photos/655f3c725ea5238169235a1ba4d58c9057f99b94c0358f5b8f35b2d24eb8cb2e.encrypted
baga6ea4seaqpiffpyptzhgi4dqajreaptszblhncs33jbcanbkezodtrj6z2ena	2022-bijeljina-investigation-starling-photos/c91c50307938e9d6749b0ba743cd21ef9f5f8396ad6e0055fb7bc04f93242a90.encrypted
baga6ea4seaqpiffpyptzhgi4dqajreaptszblhncs33jbcanbkezodtrj6z2ena	2022-bijeljina-investigation-starling-photos/173479d9f60b5663e72c4de92c5a3534a9542a2cec618894cf27bd8e7df3d284.encrypted
baga6ea4seaqpiffpyptzhgi4dqajreaptszblhncs33jbcanbkezodtrj6z2ena	2022-bijeljina-investigation-starling-photos/739d6ad0e204075d1b6a991bb2ecb2bd2c65278dc2412937f8b3671259a378e9.encrypted
baga6ea4seaqpiffpyptzhgi4dqajreaptszblhncs33jbcanbkezodtrj6z2ena	2022-bijeljina-investigation-starling-photos/197b0012ba8e50c2b38e9058f48505e92431ece0edaa76f773f82c31d3f65a7b.encrypted
baga6ea4seaqpiffpyptzhgi4dqajreaptszblhncs33jbcanbkezodtrj6z2ena	2022-bijeljina-investigation-starling-photos/1ae7b081c2b30e64bbd9a04701689f328911b0d0986f2b8b86e5392374bd7376.encrypted
baga6ea4seaqpiffpyptzhgi4dqajreaptszblhncs33jbcanbkezodtrj6z2ena	2022-bijeljina-investigation-starling-photos/afc072878978fd04cdf541700edb033d5ca1192e8e6f859ea5b38cb1fa97b68a.encrypted
baga6ea4seaqpiffpyptzhgi4dqajreaptszblhncs33jbcanbkezodtrj6z2ena	2022-bijeljina-investigation-haviv-scans/634b22b2c08d62812c69365227dfaa6b31dd23ce51e16bfca2fb78959ad67f6d.encrypted
baga6ea4seaqpiffpyptzhgi4dqajreaptszblhncs33jbcanbkezodtrj6z2ena	2022-bijeljina-investigation-starling-photos/244ee94bc0bd477be8b6e42b15ef6c6d4784f2fb9449fee5070b10d76fff33b1.encrypted
baga6ea4seaqpiffpyptzhgi4dqajreaptszblhncs33jbcanbkezodtrj6z2ena	2022-bijeljina-investigation-starling-photos/383881a406b97bc03a899e6bdb0482decb8e49a45d8f3da08be7d10e8683c951.encrypted
baga6ea4seaqpiffpyptzhgi4dqajreaptszblhncs33jbcanbkezodtrj6z2ena	2022-bijeljina-investigation-starling-photos/3d69e663b471417daf3592db23368b9337c912e01d63ae1f7c7a0bb4102cfa7e.encrypted
baga6ea4seaqpiffpyptzhgi4dqajreaptszblhncs33jbcanbkezodtrj6z2ena	2022-bijeljina-investigation-starling-photos/bcf5e387f6326a43fc9bf176e4807402fb2202ac3b3b47a19824a3674deb348d.encrypted
baga6ea4seaqpiffpyptzhgi4dqajreaptszblhncs33jbcanbkezodtrj6z2ena	2022-bijeljina-investigation-starling-photos/165c24366d4129adcec0b59ecf5fb5a7f956eb23e1dcbf6532e3be9e65e64e40.encrypted
baga6ea4seaqpiffpyptzhgi4dqajreaptszblhncs33jbcanbkezodtrj6z2ena	2022-bijeljina-investigation-bts/05a34e64947be98a1cbdcc75eaf09d4210d605bb30d9037ea882ff4049386de5.encrypted
baga6ea4seaqpiffpyptzhgi4dqajreaptszblhncs33jbcanbkezodtrj6z2ena	2022-bijeljina-investigation-starling-photos/8f8493e8d9aa8c0e8ae3a5539a9f15e2c6b69b84a51b3f425d7a8da8aacc7026.encrypted
baga6ea4seaqpiffpyptzhgi4dqajreaptszblhncs33jbcanbkezodtrj6z2ena	2022-bijeljina-investigation-haviv-scans/885759b0b1ce34e4a93e32e3a34a7bbb03d3b062d97ba3c1c3de324668e20a34.encrypted
baga6ea4seaqpiffpyptzhgi4dqajreaptszblhncs33jbcanbkezodtrj6z2ena	2022-bijeljina-investigation-starling-photos/f736d4988068fccce0eb884689f16a1255e04bb80a0f916a7ef7620379eef1ce.encrypted
baga6ea4seaqpiffpyptzhgi4dqajreaptszblhncs33jbcanbkezodtrj6z2ena	2022-bijeljina-investigation-starling-photos/2dad1f16d34ef564c4e0d3c693348f2f2716849ae8a9191e0a89b741dbac85c9.encrypted
baga6ea4seaqpiffpyptzhgi4dqajreaptszblhncs33jbcanbkezodtrj6z2ena	2022-bijeljina-investigation-haviv-scans/ccbef709c997cf27ad5034b11c236a8091755ee3623848c08f7ba6a9903c7b4b.encrypted
baga6ea4seaqpiffpyptzhgi4dqajreaptszblhncs33jbcanbkezodtrj6z2ena	2022-bijeljina-investigation-haviv-scans/92ad7c7c28df2aeef9d0a52b4e3b0062f9bc1dcb34591a38e6347892a24217df.encrypted
baga6ea4seaqpiffpyptzhgi4dqajreaptszblhncs33jbcanbkezodtrj6z2ena	2022-bijeljina-investigation-starling-photos/a30f6c0c5ea477db30c5ee288c26c548db10e56e5379ee323ee922faf89c6d49.encrypted
baga6ea4seaqpiffpyptzhgi4dqajreaptszblhncs33jbcanbkezodtrj6z2ena	2022-bijeljina-investigation-starling-photos/c3395d8618fbb84d4db14f811ebaf6b6c9f4246ba1bc4536162d7c11482e02a3.encrypted
baga6ea4seaqpiffpyptzhgi4dqajreaptszblhncs33jbcanbkezodtrj6z2ena	2022-bijeljina-investigation-bts/7690e5f260d2f8bb497e1dd412da11331d0f3fce8fd59b9c758d5f1f972128b9.encrypted
baga6ea4seaqpiffpyptzhgi4dqajreaptszblhncs33jbcanbkezodtrj6z2ena	2022-bijeljina-investigation-starling-photos/7779aa2f17b9cc173849e7dc01406710ea1620c101d1d2fe64efeca4958b18ac.encrypted
baga6ea4seaqpiffpyptzhgi4dqajreaptszblhncs33jbcanbkezodtrj6z2ena	2022-bijeljina-investigation-bts/78675d95000e25691892cce247c9be12b31cec1bb1cdf1ccd13fc677f84fcc79.encrypted
baga6ea4seaqpiffpyptzhgi4dqajreaptszblhncs33jbcanbkezodtrj6z2ena	2022-bijeljina-investigation-starling-photos/d83e0ddf28b875ecead20f6a5ca6e2accbb64f9b315a4f86d986d610f459c044.encrypted
baga6ea4seaqpiffpyptzhgi4dqajreaptszblhncs33jbcanbkezodtrj6z2ena	2022-bijeljina-investigation-starling-photos/3a860995c90143d4c62809da1ca9eeceea75c152974e6a2ea89ccb3fd584c23f.encrypted
baga6ea4seaqpiffpyptzhgi4dqajreaptszblhncs33jbcanbkezodtrj6z2ena	2022-bijeljina-investigation-haviv-scans/c38ab5fdaba333b16b4e7a3af1035e102275f70deda3217126f8e4d363dcc756.encrypted
baga6ea4seaqpiffpyptzhgi4dqajreaptszblhncs33jbcanbkezodtrj6z2ena	2022-bijeljina-investigation-starling-photos/1e9cbaaf148a9a1aed8d647bb1f263b3de048b423a377fa23d7959a028873d62.encrypted
baga6ea4seaqpiffpyptzhgi4dqajreaptszblhncs33jbcanbkezodtrj6z2ena	2022-bijeljina-investigation-starling-photos/5f2481c6b16e8ea1a851c90cadfa44dd36669ebe9d676d94823b587117d4ec81.encrypted
baga6ea4seaqpiffpyptzhgi4dqajreaptszblhncs33jbcanbkezodtrj6z2ena	2022-bijeljina-investigation-starling-photos/c7d5e978a9e6d5acbab18653104ca04d513436b79aa49bf1c344a046984abdb1.encrypted
baga6ea4seaqpiffpyptzhgi4dqajreaptszblhncs33jbcanbkezodtrj6z2ena	2022-bijeljina-investigation-starling-photos/39fff568b62b38d87017273ee7d2eabfcac37658bae70278cd112ea7401f1919.encrypted
baga6ea4seaqpiffpyptzhgi4dqajreaptszblhncs33jbcanbkezodtrj6z2ena	2022-bijeljina-investigation-starling-photos/8a4bb687e2b4645f1d93758d3c79e80d2f9c0282a556a2e523b2ac89237b4e3f.encrypted
baga6ea4seaqpiffpyptzhgi4dqajreaptszblhncs33jbcanbkezodtrj6z2ena	2022-bijeljina-investigation-starling-photos/6932d02872e33e8ef3514e6c5a1f27fdfa0ce9187457ec6937cce56e2ecea634.encrypted
baga6ea4seaqpiffpyptzhgi4dqajreaptszblhncs33jbcanbkezodtrj6z2ena	2022-bijeljina-investigation-starling-photos/e5233060cf719803bcc6087ea17f8fc9f018b5f605aae4d4b5974131fef6214a.encrypted
baga6ea4seaqpiffpyptzhgi4dqajreaptszblhncs33jbcanbkezodtrj6z2ena	2022-bijeljina-investigation-starling-videos/bd0c81b56447cc1d60902ac95e3bf79adc28806db4605ec6a174051bb2177148.encrypted
baga6ea4seaqpiffpyptzhgi4dqajreaptszblhncs33jbcanbkezodtrj6z2ena	2022-bijeljina-investigation-starling-photos/010f768542ffca896711fce39ac908f24b30fa56115997845aa784597312ced4.encrypted
baga6ea4seaqpiffpyptzhgi4dqajreaptszblhncs33jbcanbkezodtrj6z2ena	2022-bijeljina-investigation-starling-photos/c6934fd11ec601699b0d3ab3ff769504af387a822e3d70454978778985faf16f.encrypted
baga6ea4seaqpiffpyptzhgi4dqajreaptszblhncs33jbcanbkezodtrj6z2ena	2022-bijeljina-investigation-starling-photos/fe3b08dda531503e6aac474d1de82ff13f56027ef1fb45ac9bfcb2c570600dba.encrypted
baga6ea4seaqpiffpyptzhgi4dqajreaptszblhncs33jbcanbkezodtrj6z2ena	2022-bijeljina-investigation-starling-photos/9e90cacbaa290f647004941e64bc312bfea7ebfbd03754139d72b1d9fe04a6f1.encrypted
baga6ea4seaqpiffpyptzhgi4dqajreaptszblhncs33jbcanbkezodtrj6z2ena	2022-bijeljina-investigation-starling-photos/b2802289f4df9e5f9cc3ce41d4fbd2ceb957c3e48c84289606c08b794b895c6f.encrypted
baga6ea4seaqpiffpyptzhgi4dqajreaptszblhncs33jbcanbkezodtrj6z2ena	2022-bijeljina-investigation-bts/1a4bbac2086cd5d43fe9da4c06da41deab72cdb6f2e46b52e7002548b9fdb278.encrypted
baga6ea4seaqpiffpyptzhgi4dqajreaptszblhncs33jbcanbkezodtrj6z2ena	2022-bijeljina-investigation-starling-photos/4eb4a71c7427b3e09ed3f4b0153ce8201e65fbe6106ca97c51a6924609f5a90a.encrypted
baga6ea4seaqpiffpyptzhgi4dqajreaptszblhncs33jbcanbkezodtrj6z2ena	2022-bijeljina-investigation-starling-photos/ab30f34a401f777317acea404cea0d5b5f283d7920688afb9c92b04ef458f557.encrypted
baga6ea4seaqpiffpyptzhgi4dqajreaptszblhncs33jbcanbkezodtrj6z2ena	2022-bijeljina-investigation-starling-photos/19e0f7b4513454b35198ed919b69eeddc2c1dfe48666e0968d437ef1cbc018d5.encrypted
baga6ea4seaqpiffpyptzhgi4dqajreaptszblhncs33jbcanbkezodtrj6z2ena	2022-bijeljina-investigation-haviv-scans/4b6b05dd845568e5fe15bc83764f97cbc4b76fd233a0e9a0fcef481566e79db2.encrypted
baga6ea4seaqpiffpyptzhgi4dqajreaptszblhncs33jbcanbkezodtrj6z2ena	2022-bijeljina-investigation-starling-photos/19f247b30b18292d788f051decf8727bc9d3d451530945a3afa69ddd82adb71f.encrypted
baga6ea4seaqpiffpyptzhgi4dqajreaptszblhncs33jbcanbkezodtrj6z2ena	2022-bijeljina-investigation-starling-photos/a0394e8f2c876f250e30a1ed061b776dd6008043890746bedfe015acd86dd791.encrypted
baga6ea4seaqpiffpyptzhgi4dqajreaptszblhncs33jbcanbkezodtrj6z2ena	2022-bijeljina-investigation-starling-photos/731416050e30c0d32f7be93311fc5054c82030e0a3466686df59ed41431059cf.encrypted
baga6ea4seaqpiffpyptzhgi4dqajreaptszblhncs33jbcanbkezodtrj6z2ena	2022-bijeljina-investigation-starling-photos/cc09148fa3f45bc61f57a185583b3aa75c9efed4395ff5d3a233aaff98232bd6.encrypted
baga6ea4seaqpiffpyptzhgi4dqajreaptszblhncs33jbcanbkezodtrj6z2ena	2022-bijeljina-investigation-starling-photos/121d1554a1172a240e60f9e0089c402311f0d293044d4282207393ad2fe082f1.encrypted
baga6ea4seaqpiffpyptzhgi4dqajreaptszblhncs33jbcanbkezodtrj6z2ena	2022-bijeljina-investigation-bts/38fc2e27904b208e1ec4195eed8d9f21107064040c48ece4ad901aa1ca20fed8.encrypted
baga6ea4seaqpiffpyptzhgi4dqajreaptszblhncs33jbcanbkezodtrj6z2ena	2022-bijeljina-investigation-starling-photos/0fa5a06aa1294485fc578deb680961d5d5fe9952ad6824925b458f8b7f9146eb.encrypted
baga6ea4seaqpiffpyptzhgi4dqajreaptszblhncs33jbcanbkezodtrj6z2ena	2022-bijeljina-investigation-starling-photos/3d750f93e58c9e5af05dee162e7a369e2827ecfb96081aa640d1f0ff81c5d053.encrypted
baga6ea4seaqpiffpyptzhgi4dqajreaptszblhncs33jbcanbkezodtrj6z2ena	2022-bijeljina-investigation-starling-photos/2aa5030ac27a9dc1a3c1f623e7dac81926a41224afefda7f0f87d0110b43443b.encrypted
baga6ea4seaqpiffpyptzhgi4dqajreaptszblhncs33jbcanbkezodtrj6z2ena	2022-bijeljina-investigation-starling-photos/bed8f9e9bbc05d163e3df34a1cdd12444e0d2987f6b807db2ac0042155a00ee0.encrypted
baga6ea4seaqpiffpyptzhgi4dqajreaptszblhncs33jbcanbkezodtrj6z2ena	2022-bijeljina-investigation-starling-photos/9687cefffd9fbc820c1bcc2dd386cb89759f76e871639a70e7d5501c526d9756.encrypted
baga6ea4seaqpiffpyptzhgi4dqajreaptszblhncs33jbcanbkezodtrj6z2ena	2022-bijeljina-investigation-starling-photos/f16c0afae73e521729d6e0eb372881dd27e345d32c2dcd1fbc8a0917281e5cba.encrypted
baga6ea4seaqpiffpyptzhgi4dqajreaptszblhncs33jbcanbkezodtrj6z2ena	2022-bijeljina-investigation-starling-photos/f840e82a009dee738e4f9c8e7f7b11b3866cf309ca9e30708be4eb1b6a5c33fe.encrypted
baga6ea4seaqpiffpyptzhgi4dqajreaptszblhncs33jbcanbkezodtrj6z2ena	2022-bijeljina-investigation-starling-photos/6745b2241e2deee4fed2545ff22c17e0fb5d7bddf6f31bc36d409dd66e05828a.encrypted
baga6ea4seaqpiffpyptzhgi4dqajreaptszblhncs33jbcanbkezodtrj6z2ena	2022-bijeljina-investigation-haviv-scans/a1fe5bdfb1743959604789a6d6e6b73ca67aa6eefc8a8e829828a0a1f9cbe08a.encrypted
baga6ea4seaqpiffpyptzhgi4dqajreaptszblhncs33jbcanbkezodtrj6z2ena	2022-bijeljina-investigation-starling-photos/12b85e87321cdd92ec0284c90c25901c5aef08576f28649ae9ddc59fc4f14694.encrypted
baga6ea4seaqpiffpyptzhgi4dqajreaptszblhncs33jbcanbkezodtrj6z2ena	2022-bijeljina-investigation-bts/d27ac7d34e39151587a8aed81a77bf9a2153efb0e2a79a905ec0d46cab444b8f.encrypted
baga6ea4seaqpiffpyptzhgi4dqajreaptszblhncs33jbcanbkezodtrj6z2ena	2022-bijeljina-investigation-starling-photos/51a31fa9332ab529ba3b43698501c9fcce8e4eec329d8ed070e1852a3f0f3840.encrypted
baga6ea4seaqpiffpyptzhgi4dqajreaptszblhncs33jbcanbkezodtrj6z2ena	2022-bijeljina-investigation-starling-photos/6c20fe611860883374c3ff63d1df7b4ff1b918d2304df6de22c2cb5864a5bdfe.encrypted
baga6ea4seaqpiffpyptzhgi4dqajreaptszblhncs33jbcanbkezodtrj6z2ena	2022-bijeljina-investigation-starling-photos/5e4fd93a024578c8c2bbea2475618e120b089808869e2ff3288c70b24d66d59d.encrypted
baga6ea4seaqpiffpyptzhgi4dqajreaptszblhncs33jbcanbkezodtrj6z2ena	2022-bijeljina-investigation-haviv-scans/b5f18922fc107340eddb1256b97a27c8ccfae2176395ef73b0e5a2ae6b7084b5.encrypted
baga6ea4seaqpiffpyptzhgi4dqajreaptszblhncs33jbcanbkezodtrj6z2ena	2022-bijeljina-investigation-starling-photos/2af120ddfd8137f355b9456974b071bcf3814ab7c14f4ffa5ecfeebea87cf4a3.encrypted
baga6ea4seaqpiffpyptzhgi4dqajreaptszblhncs33jbcanbkezodtrj6z2ena	2022-bijeljina-investigation-starling-photos/061d0ba897e0a21b210a6ed28be883433f35bc6cc92aae72432efd8d9d7e4f6d.encrypted
baga6ea4seaqpiffpyptzhgi4dqajreaptszblhncs33jbcanbkezodtrj6z2ena	2022-bijeljina-investigation-starling-photos/4923660a601840246d9d8713b59d0ab0e78779931b2bab134033d6a614e84fff.encrypted
baga6ea4seaqpiffpyptzhgi4dqajreaptszblhncs33jbcanbkezodtrj6z2ena	2022-bijeljina-investigation-haviv-scans/d61934b666895d0f10123fa52ebe0de10aa6b4e2cba61604ff476733db2be16b.encrypted
baga6ea4seaqpiffpyptzhgi4dqajreaptszblhncs33jbcanbkezodtrj6z2ena	2022-bijeljina-investigation-starling-photos/0d531e84bf0a00be11ac78ab4d2efdfae6078c29fa58566a41114339717dea40.encrypted
baga6ea4seaqpiffpyptzhgi4dqajreaptszblhncs33jbcanbkezodtrj6z2ena	2022-bijeljina-investigation-starling-photos/35a1f502304f0bd06a3d6bd59d8f1d58f6d757b15f02b6914c0c221646f9cf41.encrypted
baga6ea4seaqpiffpyptzhgi4dqajreaptszblhncs33jbcanbkezodtrj6z2ena	2022-bijeljina-investigation-haviv-scans/5145efbb57fc0f49e902c011d0477940fd8522df23d054f7f159cd32207718bf.encrypted
baga6ea4seaqpiffpyptzhgi4dqajreaptszblhncs33jbcanbkezodtrj6z2ena	2022-bijeljina-investigation-starling-photos/ac3f8133f77a018142e8e38234a5b3c0e9d2e1fb696421252ec253a3a3a89a4b.encrypted
baga6ea4seaqpiffpyptzhgi4dqajreaptszblhncs33jbcanbkezodtrj6z2ena	2022-bijeljina-investigation-web-archive-local/f615a6092143f52d604afcea15df2bb07c2d84043c17f41927e78ca67095f081.encrypted
baga6ea4seaqpiffpyptzhgi4dqajreaptszblhncs33jbcanbkezodtrj6z2ena	2022-bijeljina-investigation-starling-photos/5d46e9be2356c8efdb22e790ecb17956f8f4c9ae4a4fe5afa7b19f428821c6c0.encrypted
baga6ea4seaqpiffpyptzhgi4dqajreaptszblhncs33jbcanbkezodtrj6z2ena	2022-bijeljina-investigation-starling-photos/05a23850aa6f74da93b5b24baaac705a3eb24ce698b63d1d0616ca5d35c03704.encrypted
baga6ea4seaqpiffpyptzhgi4dqajreaptszblhncs33jbcanbkezodtrj6z2ena	2022-bijeljina-investigation-starling-photos/8f020187070b59161f6725da43cf065bb6cad7901eff6776eda3fc16825d567d.encrypted
baga6ea4seaqpiffpyptzhgi4dqajreaptszblhncs33jbcanbkezodtrj6z2ena	2022-bijeljina-investigation-starling-photos/2adfe439cdfd48c8f556f8fef5a86815130ec01bc0f405e534611d8a4ae4f886.encrypted
baga6ea4seaqpiffpyptzhgi4dqajreaptszblhncs33jbcanbkezodtrj6z2ena	2022-bijeljina-investigation-starling-photos/478dfa2b482979d1a1f4d58c6613fd679af7c009a4675287cbcfdf62c79b73c8.encrypted
baga6ea4seaqpiffpyptzhgi4dqajreaptszblhncs33jbcanbkezodtrj6z2ena	2022-bijeljina-investigation-starling-photos/6573a2c097277d351b41dd71c33671da1efbea82f47ed4f3a0ee78180906ba4a.encrypted
baga6ea4seaqpiffpyptzhgi4dqajreaptszblhncs33jbcanbkezodtrj6z2ena	2022-bijeljina-investigation-starling-photos/b7dbfaa8fb2afe5464816f1b2af161790da80f02f99f5755322a5db0cf433690.encrypted
baga6ea4seaqpiffpyptzhgi4dqajreaptszblhncs33jbcanbkezodtrj6z2ena	2022-bijeljina-investigation-starling-photos/d9a83d8a694795f7334b8427c50a7df700950eb418d079405d9a2e4a2a02e0d5.encrypted
baga6ea4seaqpiffpyptzhgi4dqajreaptszblhncs33jbcanbkezodtrj6z2ena	2022-bijeljina-investigation-bts/b60de709414af4b7f47e00b32f9f6676e1981912261908ce5a8962efa65f7831.encrypted
baga6ea4seaqpiffpyptzhgi4dqajreaptszblhncs33jbcanbkezodtrj6z2ena	2022-bijeljina-investigation-icty-document-png/94ad28423f49fb868691ad9b156d4b572d9d82b0398b3afc1474c412bc408210.encrypted
baga6ea4seaqpiffpyptzhgi4dqajreaptszblhncs33jbcanbkezodtrj6z2ena	2022-bijeljina-investigation-starling-photos/06b2e470da243b59d55ab2d3ac24c772660c61949f8b680a02aa4b16fd8aa666.encrypted
baga6ea4seaqpiffpyptzhgi4dqajreaptszblhncs33jbcanbkezodtrj6z2ena	2022-bijeljina-investigation-starling-photos/604af054dc9e1fa6256f374ee4ca227ef7aa635fd93e61a1e9655f7aae92c849.encrypted
baga6ea4seaqpiffpyptzhgi4dqajreaptszblhncs33jbcanbkezodtrj6z2ena	2022-bijeljina-investigation-starling-photos/95f79b53b2eff175ec3670b59c33d25db8e4d2f152812263258501b756d62814.encrypted
baga6ea4seaqpiffpyptzhgi4dqajreaptszblhncs33jbcanbkezodtrj6z2ena	2022-bijeljina-investigation-starling-photos/d68e0b535503c82ea48664e52d2560bbac931547bd0d27e3e04d546b9898bc2e.encrypted
baga6ea4seaqpiffpyptzhgi4dqajreaptszblhncs33jbcanbkezodtrj6z2ena	2022-bijeljina-investigation-starling-photos/e012b60f9c97b0aa6ac217f6218978e83e95826896694ee2878bf98731014aa9.encrypted
baga6ea4seaqpiffpyptzhgi4dqajreaptszblhncs33jbcanbkezodtrj6z2ena	2022-bijeljina-investigation-starling-photos/c61ca72f71366d63c89f8a58b341ff364c06ba7f19439a8803c377d5910d67c2.encrypted
baga6ea4seaqpiffpyptzhgi4dqajreaptszblhncs33jbcanbkezodtrj6z2ena	2022-bijeljina-investigation-starling-photos/925259e99e5d36779b7a583286f5561f353119127ffdae2ef6d01e36cf6cbfa0.encrypted
baga6ea4seaqpiffpyptzhgi4dqajreaptszblhncs33jbcanbkezodtrj6z2ena	2022-bijeljina-investigation-haviv-scans/688fcdb5db51bc7900525e72840a828ccf4a4525b9236f51ff85610baa867f73.encrypted
baga6ea4seaqpiffpyptzhgi4dqajreaptszblhncs33jbcanbkezodtrj6z2ena	2022-bijeljina-investigation-starling-photos/33bfa6579f754384c2fc70c6719f5587bed3e0903d00d0f2ecd1b594e480f418.encrypted
baga6ea4seaqpiffpyptzhgi4dqajreaptszblhncs33jbcanbkezodtrj6z2ena	2022-bijeljina-investigation-starling-photos/097337ae244faf1c366aac89a424859edb430c24ac5a8abb033dd178082f6a78.encrypted
baga6ea4seaqpiffpyptzhgi4dqajreaptszblhncs33jbcanbkezodtrj6z2ena	2022-bijeljina-investigation-haviv-scans/bd6590477eb44aa0bf801ab3046dafbc50e2c0f1e4f50e460d954f7ccfc24f83.encrypted
baga6ea4seaqpiffpyptzhgi4dqajreaptszblhncs33jbcanbkezodtrj6z2ena	2022-bijeljina-investigation-starling-photos/ab8b701460323618e6270cb88aa356978192a1436b38de4b6bd3f4965179461c.encrypted
baga6ea4seaqpiffpyptzhgi4dqajreaptszblhncs33jbcanbkezodtrj6z2ena	2022-bijeljina-investigation-starling-photos/a85bcf14dcae6894a92e8b266d6372a3b1ee6cf5db9e9854f02e97fbd52bd372.encrypted
baga6ea4seaqpiffpyptzhgi4dqajreaptszblhncs33jbcanbkezodtrj6z2ena	2022-bijeljina-investigation-haviv-scans/db3d1415de770e54443acd8c3764e295f2cf00568cad49410f3512e47e61e36c.encrypted
baga6ea4seaqpiffpyptzhgi4dqajreaptszblhncs33jbcanbkezodtrj6z2ena	2022-bijeljina-investigation-starling-photos/f3d64a6ca65f49da5a094b6eb21cc8439f21a4859fbb4df43ab2441eaf70ecfd.encrypted
baga6ea4seaqpiffpyptzhgi4dqajreaptszblhncs33jbcanbkezodtrj6z2ena	2022-bijeljina-investigation-starling-photos/ead3ec86d239b187c6c39b2c80496553eed0d296de161e436f067a218e50dd0e.encrypted
baga6ea4seaqpiffpyptzhgi4dqajreaptszblhncs33jbcanbkezodtrj6z2ena	2022-bijeljina-investigation-haviv-scans/e85e8d7232c63e22b93027363d466758916081d053e41c4a6b647e3e8c696ca4.encrypted
baga6ea4seaqpiffpyptzhgi4dqajreaptszblhncs33jbcanbkezodtrj6z2ena	2022-bijeljina-investigation-bts/4a5d399a3b31283ee9cda7094a5387a44cd36d858796b70539208d92f4025482.encrypted
baga6ea4seaqpiffpyptzhgi4dqajreaptszblhncs33jbcanbkezodtrj6z2ena	2022-bijeljina-investigation-bts/98edf3d87a3c3f927b1cf203bf677511591876c9ec9faeee53e17835e0783eca.encrypted
baga6ea4seaqpiffpyptzhgi4dqajreaptszblhncs33jbcanbkezodtrj6z2ena	2022-bijeljina-investigation-starling-photos/cbb74978e85db0fd17248828f37ebe68f8e2c146823e20e4d09655cd2c046ea0.encrypted
baga6ea4seaqpiffpyptzhgi4dqajreaptszblhncs33jbcanbkezodtrj6z2ena	2022-bijeljina-investigation-starling-photos/65da71d4378dffb958895a3ccf263031399a6681407117ea320cc646ec5a3875.encrypted
baga6ea4seaqpiffpyptzhgi4dqajreaptszblhncs33jbcanbkezodtrj6z2ena	2022-bijeljina-investigation-starling-photos/817054c715dee9aff0933de241997b2b3a30c7649a9858f8128ff28ba5839d36.encrypted
baga6ea4seaqpiffpyptzhgi4dqajreaptszblhncs33jbcanbkezodtrj6z2ena	2022-bijeljina-investigation-starling-photos/c8c45186b6af6a4db333bdede516be0914f80ffafd93734643f4cbf9925c270a.encrypted
baga6ea4seaqpiffpyptzhgi4dqajreaptszblhncs33jbcanbkezodtrj6z2ena	2022-bijeljina-investigation-starling-photos/6d3090145cf3d5b8f285bb9708cd0245d1decc7a5d8a5d91b359609df4835f1d.encrypted
baga6ea4seaqpiffpyptzhgi4dqajreaptszblhncs33jbcanbkezodtrj6z2ena	2022-bijeljina-investigation-starling-photos/d6de8410311310bd9e0bc5d3a1395fe08b2e2c1015efc58686afb34dea56971b.encrypted
baga6ea4seaqpiffpyptzhgi4dqajreaptszblhncs33jbcanbkezodtrj6z2ena	2022-bijeljina-investigation-starling-photos/44199d9b56920ed185324f4f026864570e962e068665d119873bb9e31f62ee71.encrypted
baga6ea4seaqpiffpyptzhgi4dqajreaptszblhncs33jbcanbkezodtrj6z2ena	2022-bijeljina-investigation-web-archive-local/bce77afda96c3fd05baff6f314b22b57cb23990ced9ff33e4b6c1fbd4756a369.encrypted
baga6ea4seaqpiffpyptzhgi4dqajreaptszblhncs33jbcanbkezodtrj6z2ena	2022-bijeljina-investigation-starling-photos/f530b1637c83c7a1fb724af8023d2cf561447661b09a1ee22e15eeb23bae56ec.encrypted
baga6ea4seaqpiffpyptzhgi4dqajreaptszblhncs33jbcanbkezodtrj6z2ena	2022-bijeljina-investigation-starling-photos/d129917f2a401f87a247ec73f04739bb10da16d4049fa05c779cfdf5c5705655.encrypted
baga6ea4seaqpiffpyptzhgi4dqajreaptszblhncs33jbcanbkezodtrj6z2ena	2022-bijeljina-investigation-starling-photos/bb8fd1ce6c0b6557402a2adb41ebb0356c3b7e0dada8dd33f47766d2d22af0e9.encrypted
baga6ea4seaqpiffpyptzhgi4dqajreaptszblhncs33jbcanbkezodtrj6z2ena	2022-bijeljina-investigation-starling-photos/1c384d9acab1403ebb677424c1d760b0e1bd41c84431443ab5fcf7d70074d11e.encrypted
baga6ea4seaqpiffpyptzhgi4dqajreaptszblhncs33jbcanbkezodtrj6z2ena	2022-bijeljina-investigation-starling-photos/a612d9749e6a2844cbc1e3a6652a67c83b72689aabdd7946fdcd885d3e10db13.encrypted
baga6ea4seaqpiffpyptzhgi4dqajreaptszblhncs33jbcanbkezodtrj6z2ena	2022-bijeljina-investigation-bts/827703e9b3644f9aee245c0b305b87669baca85294726ddd099bb3ff18e6dfc4.encrypted
baga6ea4seaqpiffpyptzhgi4dqajreaptszblhncs33jbcanbkezodtrj6z2ena	2022-bijeljina-investigation-starling-photos/17ccc48d766a79bab12caff500cd43ebf99800b7ee1bd3e285b3c12172b53f31.encrypted
